2026-07-26 14:06:30,398 [INFO] [main.py:35]: Initializing Modular Vulnerability Assessment Session...
2026-07-26 14:06:30,398 [INFO] [main.py:36]: Target Acquired: netflix.com
2026-07-26 14:06:30,398 [INFO] [main.py:37]: Output Directory Configured: /home/kali/Desktop/secure-site-scan-main/reports/netflix.com
2026-07-26 14:06:30,398 [INFO] [runner.py:54]: === Starting Assessment Pipeline on Target: netflix.com ===
2026-07-26 14:06:30,399 [INFO] [runner.py:57]: --> [Phase 1/2] Launching Reconnaissance & Service Enumeration Tools...
2026-07-26 14:06:30,399 [INFO] [recon.py:61]: Running [Subfinder Subdomain Discovery] on: netflix.com
2026-07-26 14:07:50,322 [INFO] [recon.py:190]: Running [HTTP Service Prober] on target: netflix.com
2026-07-26 14:08:12,145 [INFO] [recon.py:248]: Running [Nmap Port & Service Scanner] on: netflix.com
2026-07-26 14:08:57,079 [INFO] [recon.py:393]: Running [WhatWeb Tech Stack Fingerprinter] on: https://netflix.com
2026-07-26 14:10:45,943 [INFO] [recon.py:486]: Running [Katana Web Crawler] on: https://netflix.com
2026-07-26 14:16:47,459 [INFO] [main.py:35]: Initializing Modular Vulnerability Assessment Session...
2026-07-26 14:16:47,460 [INFO] [main.py:36]: Target Acquired: netflix.com
2026-07-26 14:16:47,460 [INFO] [main.py:37]: Output Directory Configured: /home/kali/Desktop/secure-site-scan-main/reports/netflix.com
2026-07-26 14:16:47,460 [INFO] [runner.py:54]: === Starting Assessment Pipeline on Target: netflix.com ===
2026-07-26 14:16:47,460 [INFO] [runner.py:57]: --> [Phase 1/2] Launching Reconnaissance & Service Enumeration Tools...
2026-07-26 14:16:47,461 [INFO] [recon.py:61]: Running [Subfinder Subdomain Discovery] on: netflix.com
2026-07-26 14:17:35,303 [INFO] [recon.py:190]: Running [HTTP Service Prober] on target: netflix.com
2026-07-26 14:17:57,775 [INFO] [recon.py:248]: Running [Nmap Port & Service Scanner] on: netflix.com
2026-07-26 14:19:35,648 [INFO] [recon.py:393]: Running [WhatWeb Tech Stack Fingerprinter] on: https://netflix.com
2026-07-26 14:20:20,167 [INFO] [recon.py:486]: Running [Katana Web Crawler] on: https://netflix.com
2026-07-26 14:25:20,185 [ERROR] [executor.py:82]: Command timed out after 300 seconds: katana -u https://netflix.com -jc -d 3 -silent -o reports/netflix.com/katana_output.txt
2026-07-26 14:25:20,276 [INFO] [runner.py:86]: --> [Phase 2/2] Launching Vulnerability Scanners...
2026-07-26 14:25:20,277 [INFO] [scanners.py:114]: Running [TestSSL Comprehensive TLS/SSL Auditor] on: netflix.com:443
2026-07-26 14:30:20,287 [ERROR] [executor.py:82]: Command timed out after 300 seconds: testssl --color 2 --overwrite --jsonfile-pretty reports/netflix.com/testssl_output.json netflix.com:443
2026-07-26 14:30:20,288 [INFO] [scanners.py:253]: Running [Nuclei Vulnerability Scanner] on: https://netflix.com
2026-07-26 14:31:26,512 [INFO] [runner.py:100]: --> [Phase 3/3] Generating Consolidated Reports...
2026-07-26 14:31:26,518 [INFO] [reporter.py:50]: Master JSON report generated at: /home/kali/Desktop/secure-site-scan-main/reports/netflix.com/report.json
2026-07-26 14:31:26,518 [INFO] [reporter.py:128]: Executive Markdown summary generated at: /home/kali/Desktop/secure-site-scan-main/reports/netflix.com/summary.md
2026-07-26 14:31:26,571 [INFO] [reporter.py:163]: Professional Jinja2 HTML report generated at: /home/kali/Desktop/secure-site-scan-main/reports/netflix.com/report.html
2026-07-26 14:31:26,571 [INFO] [runner.py:111]: === Assessment Pipeline Execution Finished Successfully ===
2026-07-28 23:13:29,343 [INFO] [main.py:23]: Initializing Modular Vulnerability Assessment Session...
2026-07-28 23:13:29,350 [INFO] [main.py:24]: Target Acquired: netflix.com
2026-07-28 23:13:29,350 [INFO] [main.py:25]: Output Directory Configured: /home/kali/Desktop/secure-site-scan-main/reports/netflix.com
2026-07-28 23:13:40,279 [INFO] [runner.py:76]: --> Running selected module: secretfinder
2026-07-28 23:13:40,293 [INFO] [secretfinder.py:323]: [SecretFinder JavaScript Secret Scanner] ─── Starting SecretFinder JavaScript Analysis ───
2026-07-28 23:13:40,294 [INFO] [secretfinder.py:346]: [SecretFinder JavaScript Secret Scanner] No explicit JS endpoints were found. Falling back to target URL: netflix.com
2026-07-28 23:13:40,294 [INFO] [secretfinder.py:352]: [SecretFinder JavaScript Secret Scanner] Discovered 1 JavaScript source(s) for SecretFinder analysis.
2026-07-28 23:13:40,294 [INFO] [secretfinder.py:365]: [SecretFinder JavaScript Secret Scanner] Scanning JS target: netflix.com
2026-07-28 23:13:40,425 [INFO] [secretfinder.py:379]: [SecretFinder JavaScript Secret Scanner] 1 finding(s) discovered in netflix.com
2026-07-28 23:13:40,425 [INFO] [secretfinder.py:526]: [SecretFinder JavaScript Secret Scanner] Secrets JSON saved to: /home/kali/Desktop/secure-site-scan-main/reports/netflix.com/secrets.json
2026-07-28 23:13:40,425 [INFO] [secretfinder.py:393]: [SecretFinder JavaScript Secret Scanner] Scan complete — JS targets: 1 total / 1 scanned / 0 failed | Unique findings: 1
2026-07-29 00:16:10,520 [INFO] [main.py:23]: Initializing Modular Vulnerability Assessment Session...
2026-07-29 00:16:10,521 [INFO] [main.py:24]: Target Acquired: netflix.com
2026-07-29 00:16:10,521 [INFO] [main.py:25]: Output Directory Configured: /home/kali/Desktop/secure-site-scan-main/reports/netflix.com
2026-07-29 00:16:16,500 [INFO] [runner.py:76]: --> Running selected module: secretfinder
2026-07-29 00:16:16,510 [INFO] [secretfinder.py:323]: [SecretFinder JavaScript Secret Scanner] ─── Starting SecretFinder JavaScript Analysis ───
2026-07-29 00:16:16,511 [INFO] [secretfinder.py:346]: [SecretFinder JavaScript Secret Scanner] No explicit JS endpoints were found. Falling back to target URL: netflix.com
2026-07-29 00:16:16,511 [INFO] [secretfinder.py:352]: [SecretFinder JavaScript Secret Scanner] Discovered 1 JavaScript source(s) for SecretFinder analysis.
2026-07-29 00:16:16,511 [INFO] [secretfinder.py:365]: [SecretFinder JavaScript Secret Scanner] Scanning JS target: netflix.com
2026-07-29 00:16:16,645 [INFO] [secretfinder.py:379]: [SecretFinder JavaScript Secret Scanner] 1 finding(s) discovered in netflix.com
2026-07-29 00:16:16,646 [INFO] [secretfinder.py:526]: [SecretFinder JavaScript Secret Scanner] Secrets JSON saved to: /home/kali/Desktop/secure-site-scan-main/reports/netflix.com/secrets.json
2026-07-29 00:16:16,646 [INFO] [secretfinder.py:393]: [SecretFinder JavaScript Secret Scanner] Scan complete — JS targets: 1 total / 1 scanned / 0 failed | Unique findings: 1
2026-07-29 00:24:29,738 [INFO] [main.py:23]: Initializing Modular Vulnerability Assessment Session...
2026-07-29 00:24:29,738 [INFO] [main.py:24]: Target Acquired: netflix.com
2026-07-29 00:24:29,738 [INFO] [main.py:25]: Output Directory Configured: /home/kali/Desktop/secure-site-scan-main/reports/netflix.com
2026-07-29 00:24:47,041 [INFO] [runner.py:76]: --> Running selected module: secretfinder
2026-07-29 00:24:47,048 [INFO] [secretfinder.py:323]: [SecretFinder JavaScript Secret Scanner] ─── Starting SecretFinder JavaScript Analysis ───
2026-07-29 00:24:47,048 [INFO] [secretfinder.py:346]: [SecretFinder JavaScript Secret Scanner] No explicit JS endpoints were found. Falling back to target URL: netflix.com
2026-07-29 00:24:47,048 [INFO] [secretfinder.py:352]: [SecretFinder JavaScript Secret Scanner] Discovered 1 JavaScript source(s) for SecretFinder analysis.
2026-07-29 00:24:47,048 [INFO] [secretfinder.py:365]: [SecretFinder JavaScript Secret Scanner] Scanning JS target: netflix.com
2026-07-29 00:24:47,198 [INFO] [secretfinder.py:379]: [SecretFinder JavaScript Secret Scanner] 1 finding(s) discovered in netflix.com
2026-07-29 00:24:47,198 [INFO] [secretfinder.py:526]: [SecretFinder JavaScript Secret Scanner] Secrets JSON saved to: /home/kali/Desktop/secure-site-scan-main/reports/netflix.com/secrets.json
2026-07-29 00:24:47,198 [INFO] [secretfinder.py:393]: [SecretFinder JavaScript Secret Scanner] Scan complete — JS targets: 1 total / 1 scanned / 0 failed | Unique findings: 1
2026-07-29 00:25:06,107 [INFO] [main.py:23]: Initializing Modular Vulnerability Assessment Session...
2026-07-29 00:25:06,107 [INFO] [main.py:24]: Target Acquired: amazon.com
2026-07-29 00:25:06,108 [INFO] [main.py:25]: Output Directory Configured: /home/kali/Desktop/secure-site-scan-main/reports/amazon.com
2026-07-29 00:25:11,825 [INFO] [runner.py:76]: --> Running selected module: secretfinder
2026-07-29 00:25:11,826 [INFO] [secretfinder.py:323]: [SecretFinder JavaScript Secret Scanner] ─── Starting SecretFinder JavaScript Analysis ───
2026-07-29 00:25:11,826 [INFO] [secretfinder.py:346]: [SecretFinder JavaScript Secret Scanner] No explicit JS endpoints were found. Falling back to target URL: amazon.com
2026-07-29 00:25:11,826 [INFO] [secretfinder.py:352]: [SecretFinder JavaScript Secret Scanner] Discovered 1 JavaScript source(s) for SecretFinder analysis.
2026-07-29 00:25:11,826 [INFO] [secretfinder.py:365]: [SecretFinder JavaScript Secret Scanner] Scanning JS target: amazon.com
2026-07-29 00:25:11,946 [INFO] [secretfinder.py:379]: [SecretFinder JavaScript Secret Scanner] 1 finding(s) discovered in amazon.com
2026-07-29 00:25:11,946 [INFO] [secretfinder.py:526]: [SecretFinder JavaScript Secret Scanner] Secrets JSON saved to: /home/kali/Desktop/secure-site-scan-main/reports/amazon.com/secrets.json
2026-07-29 00:25:11,946 [INFO] [secretfinder.py:393]: [SecretFinder JavaScript Secret Scanner] Scan complete — JS targets: 1 total / 1 scanned / 0 failed | Unique findings: 1
2026-07-29 00:26:36,322 [INFO] [main.py:23]: Initializing Modular Vulnerability Assessment Session...
2026-07-29 00:26:36,322 [INFO] [main.py:24]: Target Acquired: netflix.com
2026-07-29 00:26:36,322 [INFO] [main.py:25]: Output Directory Configured: /home/kali/Desktop/secure-site-scan-main/reports/netflix.com
2026-07-29 00:26:40,757 [INFO] [runner.py:76]: --> Running selected module: secretfinder
2026-07-29 00:26:40,766 [INFO] [secretfinder.py:323]: [SecretFinder JavaScript Secret Scanner] ─── Starting SecretFinder JavaScript Analysis ───
2026-07-29 00:26:40,766 [INFO] [secretfinder.py:346]: [SecretFinder JavaScript Secret Scanner] No explicit JS endpoints were found. Falling back to target URL: netflix.com
2026-07-29 00:26:40,766 [INFO] [secretfinder.py:352]: [SecretFinder JavaScript Secret Scanner] Discovered 1 JavaScript source(s) for SecretFinder analysis.
2026-07-29 00:26:40,766 [INFO] [secretfinder.py:365]: [SecretFinder JavaScript Secret Scanner] Scanning JS target: netflix.com
2026-07-29 00:26:40,893 [INFO] [secretfinder.py:379]: [SecretFinder JavaScript Secret Scanner] 1 finding(s) discovered in netflix.com
2026-07-29 00:26:40,893 [INFO] [secretfinder.py:526]: [SecretFinder JavaScript Secret Scanner] Secrets JSON saved to: /home/kali/Desktop/secure-site-scan-main/reports/netflix.com/secrets.json
2026-07-29 00:26:40,893 [INFO] [secretfinder.py:393]: [SecretFinder JavaScript Secret Scanner] Scan complete — JS targets: 1 total / 1 scanned / 0 failed | Unique findings: 1
2026-07-29 01:25:43,024 [INFO] [main.py:23]: Initializing Modular Vulnerability Assessment Session...
2026-07-29 01:25:43,024 [INFO] [main.py:24]: Target Acquired: netflix.com
2026-07-29 01:25:43,024 [INFO] [main.py:25]: Output Directory Configured: /home/kali/Desktop/secure-site-scan-main/reports/netflix.com
2026-07-29 01:25:49,797 [INFO] [runner.py:35]: === Starting Assessment Pipeline on Target: netflix.com ===
2026-07-29 01:25:49,797 [INFO] [runner.py:40]: --> Running module: Subfinder
2026-07-29 01:25:49,803 [INFO] [recon.py:61]: Running [Subfinder Subdomain Discovery] on: netflix.com
2026-07-29 01:26:21,745 [INFO] [runner.py:40]: --> Running module: HTTPX
2026-07-29 01:26:21,745 [INFO] [recon.py:190]: Running [HTTP Service Prober] on target: netflix.com
2026-07-29 01:26:36,643 [INFO] [runner.py:40]: --> Running module: Nmap
2026-07-29 01:26:36,644 [INFO] [recon.py:248]: Running [Nmap Port & Service Scanner] on: netflix.com
2026-07-29 01:27:53,772 [INFO] [runner.py:40]: --> Running module: WhatWeb
2026-07-29 01:27:53,772 [INFO] [recon.py:393]: Running [WhatWeb Tech Stack Fingerprinter] on: https://netflix.com
2026-07-29 01:29:18,777 [INFO] [runner.py:40]: --> Running module: Katana
2026-07-29 01:29:18,777 [INFO] [recon.py:486]: Running [Katana Web Crawler] on: https://netflix.com
2026-07-29 01:34:25,913 [ERROR] [executor.py:82]: Command timed out after 300 seconds: katana -u https://netflix.com -jc -d 3 -silent -o reports/netflix.com/katana_output.txt
2026-07-29 01:34:25,969 [INFO] [runner.py:40]: --> Running module: SecretFinder
2026-07-29 01:34:25,969 [INFO] [secretfinder.py:323]: [SecretFinder JavaScript Secret Scanner] ─── Starting SecretFinder JavaScript Analysis ───
2026-07-29 01:34:25,985 [INFO] [secretfinder.py:352]: [SecretFinder JavaScript Secret Scanner] Discovered 392 JavaScript source(s) for SecretFinder analysis.
2026-07-29 01:34:25,985 [INFO] [secretfinder.py:365]: [SecretFinder JavaScript Secret Scanner] Scanning JS target: http://about.netflix.com/_next/static/chunks/245-2d5be4a0b4ebda6e.js
2026-07-29 01:34:27,073 [INFO] [secretfinder.py:379]: [SecretFinder JavaScript Secret Scanner] 1 finding(s) discovered in http://about.netflix.com/_next/static/chunks/245-2d5be4a0b4ebda6e.js
2026-07-29 01:34:27,073 [INFO] [secretfinder.py:365]: [SecretFinder JavaScript Secret Scanner] Scanning JS target: http://about.netflix.com/_next/static/chunks/framework-1ce91eb6f9ecda85.js
2026-07-29 01:34:28,390 [INFO] [secretfinder.py:379]: [SecretFinder JavaScript Secret Scanner] 5 finding(s) discovered in http://about.netflix.com/_next/static/chunks/framework-1ce91eb6f9ecda85.js
2026-07-29 01:34:28,390 [INFO] [secretfinder.py:365]: [SecretFinder JavaScript Secret Scanner] Scanning JS target: http://about.netflix.com/_next/static/chunks/main-df450d9a0ade9a3b.js
2026-07-29 01:34:29,602 [INFO] [secretfinder.py:365]: [SecretFinder JavaScript Secret Scanner] Scanning JS target: http://about.netflix.com/_next/static/chunks/pages/_app-7718d23e00d2f0d1.js
2026-07-29 01:34:35,426 [INFO] [secretfinder.py:379]: [SecretFinder JavaScript Secret Scanner] 120 finding(s) discovered in http://about.netflix.com/_next/static/chunks/pages/_app-7718d23e00d2f0d1.js
2026-07-29 01:34:35,426 [INFO] [secretfinder.py:365]: [SecretFinder JavaScript Secret Scanner] Scanning JS target: http://about.netflix.com/_next/static/chunks/pages/index-629a31e313a279d4.js
2026-07-29 01:35:17,280 [INFO] [secretfinder.py:379]: [SecretFinder JavaScript Secret Scanner] 1 finding(s) discovered in http://about.netflix.com/_next/static/chunks/pages/index-629a31e313a279d4.js
2026-07-29 01:35:17,280 [INFO] [secretfinder.py:365]: [SecretFinder JavaScript Secret Scanner] Scanning JS target: http://about.netflix.com/_next/static/chunks/pages/newsroom-df63aee7a4f316cd.js
2026-07-29 01:35:18,250 [INFO] [secretfinder.py:365]: [SecretFinder JavaScript Secret Scanner] Scanning JS target: http://about.netflix.com/_next/static/chunks/polyfills-42372ed130431b0a.js
2026-07-29 01:35:19,250 [INFO] [secretfinder.py:379]: [SecretFinder JavaScript Secret Scanner] 9 finding(s) discovered in http://about.netflix.com/_next/static/chunks/polyfills-42372ed130431b0a.js
2026-07-29 01:35:19,251 [INFO] [secretfinder.py:365]: [SecretFinder JavaScript Secret Scanner] Scanning JS target: http://about.netflix.com/_next/static/chunks/webpack-49672b28d7dc7804.js
2026-07-29 01:35:21,425 [INFO] [secretfinder.py:365]: [SecretFinder JavaScript Secret Scanner] Scanning JS target: http://about.netflix.com/_next/static/qclPCMgoGPgQdNhKKUIyM/_buildManifest.js
2026-07-29 01:35:22,064 [INFO] [secretfinder.py:365]: [SecretFinder JavaScript Secret Scanner] Scanning JS target: http://about.netflix.com/_next/static/qclPCMgoGPgQdNhKKUIyM/_ssgManifest.js
2026-07-29 01:35:22,679 [INFO] [secretfinder.py:365]: [SecretFinder JavaScript Secret Scanner] Scanning JS target: https://about.netflix.com/_next/static/chunks/894-55f4fcea310d326a.js
2026-07-29 01:35:24,075 [INFO] [secretfinder.py:365]: [SecretFinder JavaScript Secret Scanner] Scanning JS target: https://about.netflix.com/_next/static/chunks/framework-1ce91eb6f9ecda85.js
2026-07-29 01:35:25,901 [INFO] [secretfinder.py:379]: [SecretFinder JavaScript Secret Scanner] 5 finding(s) discovered in https://about.netflix.com/_next/static/chunks/framework-1ce91eb6f9ecda85.js
2026-07-29 01:35:25,901 [INFO] [secretfinder.py:365]: [SecretFinder JavaScript Secret Scanner] Scanning JS target: https://about.netflix.com/_next/static/chunks/main-df450d9a0ade9a3b.js
2026-07-29 01:35:27,936 [INFO] [secretfinder.py:365]: [SecretFinder JavaScript Secret Scanner] Scanning JS target: https://about.netflix.com/_next/static/chunks/pages/404-12de0d8ddaf931c2.js
2026-07-29 01:35:29,487 [INFO] [secretfinder.py:365]: [SecretFinder JavaScript Secret Scanner] Scanning JS target: https://about.netflix.com/_next/static/chunks/pages/Moment.js
2026-07-29 01:35:31,018 [INFO] [secretfinder.py:365]: [SecretFinder JavaScript Secret Scanner] Scanning JS target: https://about.netflix.com/_next/static/chunks/pages/_app-7718d23e00d2f0d1.js
2026-07-29 01:35:37,212 [INFO] [secretfinder.py:379]: [SecretFinder JavaScript Secret Scanner] 120 finding(s) discovered in https://about.netflix.com/_next/static/chunks/pages/_app-7718d23e00d2f0d1.js
2026-07-29 01:35:37,212 [INFO] [secretfinder.py:365]: [SecretFinder JavaScript Secret Scanner] Scanning JS target: https://about.netflix.com/_next/static/chunks/pages/af.js
2026-07-29 01:35:38,753 [INFO] [secretfinder.py:365]: [SecretFinder JavaScript Secret Scanner] Scanning JS target: https://about.netflix.com/_next/static/chunks/pages/api.js
2026-07-29 01:35:40,129 [INFO] [secretfinder.py:365]: [SecretFinder JavaScript Secret Scanner] Scanning JS target: https://about.netflix.com/_next/static/chunks/pages/ar-dz.js
2026-07-29 01:35:41,507 [INFO] [secretfinder.py:365]: [SecretFinder JavaScript Secret Scanner] Scanning JS target: https://about.netflix.com/_next/static/chunks/pages/ar-kw.js
2026-07-29 01:35:43,088 [INFO] [secretfinder.py:365]: [SecretFinder JavaScript Secret Scanner] Scanning JS target: https://about.netflix.com/_next/static/chunks/pages/ar-ly.js
2026-07-29 01:35:44,623 [INFO] [secretfinder.py:365]: [SecretFinder JavaScript Secret Scanner] Scanning JS target: https://about.netflix.com/_next/static/chunks/pages/ar-ma.js
2026-07-29 01:35:45,979 [INFO] [secretfinder.py:365]: [SecretFinder JavaScript Secret Scanner] Scanning JS target: https://about.netflix.com/_next/static/chunks/pages/ar-ps.js
2026-07-29 01:35:47,534 [INFO] [secretfinder.py:365]: [SecretFinder JavaScript Secret Scanner] Scanning JS target: https://about.netflix.com/_next/static/chunks/pages/ar-sa.js
2026-07-29 01:35:49,083 [INFO] [secretfinder.py:365]: [SecretFinder JavaScript Secret Scanner] Scanning JS target: https://about.netflix.com/_next/static/chunks/pages/ar-tn.js
2026-07-29 01:35:50,620 [INFO] [secretfinder.py:365]: [SecretFinder JavaScript Secret Scanner] Scanning JS target: https://about.netflix.com/_next/static/chunks/pages/ar.js
2026-07-29 01:35:52,192 [INFO] [secretfinder.py:365]: [SecretFinder JavaScript Secret Scanner] Scanning JS target: https://about.netflix.com/_next/static/chunks/pages/az.js
2026-07-29 01:35:54,092 [INFO] [secretfinder.py:365]: [SecretFinder JavaScript Secret Scanner] Scanning JS target: https://about.netflix.com/_next/static/chunks/pages/be.js
2026-07-29 01:35:55,424 [INFO] [secretfinder.py:365]: [SecretFinder JavaScript Secret Scanner] Scanning JS target: https://about.netflix.com/_next/static/chunks/pages/bg.js
2026-07-29 01:35:56,781 [INFO] [secretfinder.py:365]: [SecretFinder JavaScript Secret Scanner] Scanning JS target: https://about.netflix.com/_next/static/chunks/pages/bm.js
2026-07-29 01:35:58,168 [INFO] [secretfinder.py:365]: [SecretFinder JavaScript Secret Scanner] Scanning JS target: https://about.netflix.com/_next/static/chunks/pages/bn-bd.js
2026-07-29 01:35:59,704 [INFO] [secretfinder.py:365]: [SecretFinder JavaScript Secret Scanner] Scanning JS target: https://about.netflix.com/_next/static/chunks/pages/bn.js
2026-07-29 01:36:01,257 [INFO] [secretfinder.py:365]: [SecretFinder JavaScript Secret Scanner] Scanning JS target: https://about.netflix.com/_next/static/chunks/pages/bo.js
2026-07-29 01:36:02,814 [INFO] [secretfinder.py:365]: [SecretFinder JavaScript Secret Scanner] Scanning JS target: https://about.netflix.com/_next/static/chunks/pages/br.js
2026-07-29 01:36:04,334 [INFO] [secretfinder.py:365]: [SecretFinder JavaScript Secret Scanner] Scanning JS target: https://about.netflix.com/_next/static/chunks/pages/bs.js
2026-07-29 01:36:05,866 [INFO] [secretfinder.py:365]: [SecretFinder JavaScript Secret Scanner] Scanning JS target: https://about.netflix.com/_next/static/chunks/pages/ca.js
2026-07-29 01:36:07,444 [INFO] [secretfinder.py:365]: [SecretFinder JavaScript Secret Scanner] Scanning JS target: https://about.netflix.com/_next/static/chunks/pages/company-assets-a87a4cc555917e98.js
2026-07-29 01:36:09,020 [INFO] [secretfinder.py:365]: [SecretFinder JavaScript Secret Scanner] Scanning JS target: https://about.netflix.com/_next/static/chunks/pages/cs.js
2026-07-29 01:36:10,368 [INFO] [secretfinder.py:365]: [SecretFinder JavaScript Secret Scanner] Scanning JS target: https://about.netflix.com/_next/static/chunks/pages/cv.js
2026-07-29 01:36:11,749 [INFO] [secretfinder.py:365]: [SecretFinder JavaScript Secret Scanner] Scanning JS target: https://about.netflix.com/_next/static/chunks/pages/cy.js
2026-07-29 01:36:13,281 [INFO] [secretfinder.py:365]: [SecretFinder JavaScript Secret Scanner] Scanning JS target: https://about.netflix.com/_next/static/chunks/pages/da.js
2026-07-29 01:36:14,890 [INFO] [secretfinder.py:365]: [SecretFinder JavaScript Secret Scanner] Scanning JS target: https://about.netflix.com/_next/static/chunks/pages/de-at.js
2026-07-29 01:36:16,436 [INFO] [secretfinder.py:365]: [SecretFinder JavaScript Secret Scanner] Scanning JS target: https://about.netflix.com/_next/static/chunks/pages/de-ch.js
2026-07-29 01:36:17,753 [INFO] [secretfinder.py:365]: [SecretFinder JavaScript Secret Scanner] Scanning JS target: https://about.netflix.com/_next/static/chunks/pages/de.js
2026-07-29 01:36:19,093 [INFO] [secretfinder.py:365]: [SecretFinder JavaScript Secret Scanner] Scanning JS target: https://about.netflix.com/_next/static/chunks/pages/dist/axios.min.js
2026-07-29 01:36:20,439 [INFO] [secretfinder.py:365]: [SecretFinder JavaScript Secret Scanner] Scanning JS target: https://about.netflix.com/_next/static/chunks/pages/dv.js
2026-07-29 01:36:21,802 [INFO] [secretfinder.py:365]: [SecretFinder JavaScript Secret Scanner] Scanning JS target: https://about.netflix.com/_next/static/chunks/pages/el.js
2026-07-29 01:36:23,327 [INFO] [secretfinder.py:365]: [SecretFinder JavaScript Secret Scanner] Scanning JS target: https://about.netflix.com/_next/static/chunks/pages/en-au.js
2026-07-29 01:36:24,900 [INFO] [secretfinder.py:365]: [SecretFinder JavaScript Secret Scanner] Scanning JS target: https://about.netflix.com/_next/static/chunks/pages/en-ca.js
2026-07-29 01:36:27,165 [INFO] [secretfinder.py:365]: [SecretFinder JavaScript Secret Scanner] Scanning JS target: https://about.netflix.com/_next/static/chunks/pages/en-gb.js
2026-07-29 01:36:28,729 [INFO] [secretfinder.py:365]: [SecretFinder JavaScript Secret Scanner] Scanning JS target: https://about.netflix.com/_next/static/chunks/pages/en-ie.js
2026-07-29 01:36:30,271 [INFO] [secretfinder.py:365]: [SecretFinder JavaScript Secret Scanner] Scanning JS target: https://about.netflix.com/_next/static/chunks/pages/en-il.js
2026-07-29 01:36:31,796 [INFO] [secretfinder.py:365]: [SecretFinder JavaScript Secret Scanner] Scanning JS target: https://about.netflix.com/_next/static/chunks/pages/en-in.js
2026-07-29 01:36:33,150 [INFO] [secretfinder.py:365]: [SecretFinder JavaScript Secret Scanner] Scanning JS target: https://about.netflix.com/_next/static/chunks/pages/en-nz.js
2026-07-29 01:36:34,670 [INFO] [secretfinder.py:365]: [SecretFinder JavaScript Secret Scanner] Scanning JS target: https://about.netflix.com/_next/static/chunks/pages/en-sg.js
2026-07-29 01:36:36,211 [INFO] [secretfinder.py:365]: [SecretFinder JavaScript Secret Scanner] Scanning JS target: https://about.netflix.com/_next/static/chunks/pages/enterprise.js
2026-07-29 01:36:37,589 [INFO] [secretfinder.py:365]: [SecretFinder JavaScript Secret Scanner] Scanning JS target: https://about.netflix.com/_next/static/chunks/pages/eo.js
2026-07-29 01:36:38,975 [INFO] [secretfinder.py:365]: [SecretFinder JavaScript Secret Scanner] Scanning JS target: https://about.netflix.com/_next/static/chunks/pages/es-do.js
2026-07-29 01:36:40,582 [INFO] [secretfinder.py:365]: [SecretFinder JavaScript Secret Scanner] Scanning JS target: https://about.netflix.com/_next/static/chunks/pages/es-mx.js
2026-07-29 01:36:41,973 [INFO] [secretfinder.py:365]: [SecretFinder JavaScript Secret Scanner] Scanning JS target: https://about.netflix.com/_next/static/chunks/pages/es-us.js
2026-07-29 01:36:43,497 [INFO] [secretfinder.py:365]: [SecretFinder JavaScript Secret Scanner] Scanning JS target: https://about.netflix.com/_next/static/chunks/pages/es.js
2026-07-29 01:36:44,839 [INFO] [secretfinder.py:365]: [SecretFinder JavaScript Secret Scanner] Scanning JS target: https://about.netflix.com/_next/static/chunks/pages/et.js
2026-07-29 01:36:46,382 [INFO] [secretfinder.py:365]: [SecretFinder JavaScript Secret Scanner] Scanning JS target: https://about.netflix.com/_next/static/chunks/pages/eu.js
2026-07-29 01:36:47,903 [INFO] [secretfinder.py:365]: [SecretFinder JavaScript Secret Scanner] Scanning JS target: https://about.netflix.com/_next/static/chunks/pages/examples/server.js
2026-07-29 01:36:49,437 [INFO] [secretfinder.py:365]: [SecretFinder JavaScript Secret Scanner] Scanning JS target: https://about.netflix.com/_next/static/chunks/pages/fa.js
2026-07-29 01:36:51,038 [INFO] [secretfinder.py:365]: [SecretFinder JavaScript Secret Scanner] Scanning JS target: https://about.netflix.com/_next/static/chunks/pages/fi.js
2026-07-29 01:36:52,558 [INFO] [secretfinder.py:365]: [SecretFinder JavaScript Secret Scanner] Scanning JS target: https://about.netflix.com/_next/static/chunks/pages/fil.js
2026-07-29 01:36:53,893 [INFO] [secretfinder.py:365]: [SecretFinder JavaScript Secret Scanner] Scanning JS target: https://about.netflix.com/_next/static/chunks/pages/fo.js
2026-07-29 01:36:55,264 [INFO] [secretfinder.py:365]: [SecretFinder JavaScript Secret Scanner] Scanning JS target: https://about.netflix.com/_next/static/chunks/pages/fr-ca.js
2026-07-29 01:36:56,756 [INFO] [secretfinder.py:365]: [SecretFinder JavaScript Secret Scanner] Scanning JS target: https://about.netflix.com/_next/static/chunks/pages/fr-ch.js
2026-07-29 01:36:58,320 [INFO] [secretfinder.py:365]: [SecretFinder JavaScript Secret Scanner] Scanning JS target: https://about.netflix.com/_next/static/chunks/pages/fr.js
2026-07-29 01:37:00,682 [INFO] [secretfinder.py:365]: [SecretFinder JavaScript Secret Scanner] Scanning JS target: https://about.netflix.com/_next/static/chunks/pages/fy.js
2026-07-29 01:37:02,223 [INFO] [secretfinder.py:365]: [SecretFinder JavaScript Secret Scanner] Scanning JS target: https://about.netflix.com/_next/static/chunks/pages/ga.js
2026-07-29 01:37:03,550 [INFO] [secretfinder.py:365]: [SecretFinder JavaScript Secret Scanner] Scanning JS target: https://about.netflix.com/_next/static/chunks/pages/gd.js
2026-07-29 01:37:05,077 [INFO] [secretfinder.py:365]: [SecretFinder JavaScript Secret Scanner] Scanning JS target: https://about.netflix.com/_next/static/chunks/pages/gl.js
2026-07-29 01:37:06,617 [INFO] [secretfinder.py:365]: [SecretFinder JavaScript Secret Scanner] Scanning JS target: https://about.netflix.com/_next/static/chunks/pages/gom-deva.js
2026-07-29 01:37:07,954 [INFO] [secretfinder.py:365]: [SecretFinder JavaScript Secret Scanner] Scanning JS target: https://about.netflix.com/_next/static/chunks/pages/gom-latn.js
2026-07-29 01:37:09,502 [INFO] [secretfinder.py:365]: [SecretFinder JavaScript Secret Scanner] Scanning JS target: https://about.netflix.com/_next/static/chunks/pages/gu.js
2026-07-29 01:37:10,871 [INFO] [secretfinder.py:365]: [SecretFinder JavaScript Secret Scanner] Scanning JS target: https://about.netflix.com/_next/static/chunks/pages/he.js
2026-07-29 01:37:12,417 [INFO] [secretfinder.py:365]: [SecretFinder JavaScript Secret Scanner] Scanning JS target: https://about.netflix.com/_next/static/chunks/pages/hi.js
2026-07-29 01:37:13,946 [INFO] [secretfinder.py:365]: [SecretFinder JavaScript Secret Scanner] Scanning JS target: https://about.netflix.com/_next/static/chunks/pages/hr.js
2026-07-29 01:37:15,514 [INFO] [secretfinder.py:365]: [SecretFinder JavaScript Secret Scanner] Scanning JS target: https://about.netflix.com/_next/static/chunks/pages/hu.js
2026-07-29 01:37:16,874 [INFO] [secretfinder.py:365]: [SecretFinder JavaScript Secret Scanner] Scanning JS target: https://about.netflix.com/_next/static/chunks/pages/hy-am.js
2026-07-29 01:37:18,226 [INFO] [secretfinder.py:365]: [SecretFinder JavaScript Secret Scanner] Scanning JS target: https://about.netflix.com/_next/static/chunks/pages/id.js
2026-07-29 01:37:19,557 [INFO] [secretfinder.py:365]: [SecretFinder JavaScript Secret Scanner] Scanning JS target: https://about.netflix.com/_next/static/chunks/pages/index.js
2026-07-29 01:37:21,130 [INFO] [secretfinder.py:365]: [SecretFinder JavaScript Secret Scanner] Scanning JS target: https://about.netflix.com/_next/static/chunks/pages/is.js
2026-07-29 01:37:22,491 [INFO] [secretfinder.py:365]: [SecretFinder JavaScript Secret Scanner] Scanning JS target: https://about.netflix.com/_next/static/chunks/pages/it-ch.js
2026-07-29 01:37:24,027 [INFO] [secretfinder.py:365]: [SecretFinder JavaScript Secret Scanner] Scanning JS target: https://about.netflix.com/_next/static/chunks/pages/it.js
2026-07-29 01:37:25,598 [INFO] [secretfinder.py:365]: [SecretFinder JavaScript Secret Scanner] Scanning JS target: https://about.netflix.com/_next/static/chunks/pages/ja.js
2026-07-29 01:37:27,176 [INFO] [secretfinder.py:365]: [SecretFinder JavaScript Secret Scanner] Scanning JS target: https://about.netflix.com/_next/static/chunks/pages/jv.js
2026-07-29 01:37:28,506 [INFO] [secretfinder.py:365]: [SecretFinder JavaScript Secret Scanner] Scanning JS target: https://about.netflix.com/_next/static/chunks/pages/ka.js
2026-07-29 01:37:30,037 [INFO] [secretfinder.py:365]: [SecretFinder JavaScript Secret Scanner] Scanning JS target: https://about.netflix.com/_next/static/chunks/pages/kk.js
2026-07-29 01:37:31,569 [INFO] [secretfinder.py:365]: [SecretFinder JavaScript Secret Scanner] Scanning JS target: https://about.netflix.com/_next/static/chunks/pages/km.js
2026-07-29 01:37:33,953 [INFO] [secretfinder.py:365]: [SecretFinder JavaScript Secret Scanner] Scanning JS target: https://about.netflix.com/_next/static/chunks/pages/kn.js
2026-07-29 01:37:35,471 [INFO] [secretfinder.py:365]: [SecretFinder JavaScript Secret Scanner] Scanning JS target: https://about.netflix.com/_next/static/chunks/pages/ko.js
2026-07-29 01:37:37,052 [INFO] [secretfinder.py:365]: [SecretFinder JavaScript Secret Scanner] Scanning JS target: https://about.netflix.com/_next/static/chunks/pages/ku-kmr.js
2026-07-29 01:37:38,622 [INFO] [secretfinder.py:365]: [SecretFinder JavaScript Secret Scanner] Scanning JS target: https://about.netflix.com/_next/static/chunks/pages/ku.js
2026-07-29 01:37:39,984 [INFO] [secretfinder.py:365]: [SecretFinder JavaScript Secret Scanner] Scanning JS target: https://about.netflix.com/_next/static/chunks/pages/ky.js
2026-07-29 01:37:41,384 [INFO] [secretfinder.py:365]: [SecretFinder JavaScript Secret Scanner] Scanning JS target: https://about.netflix.com/_next/static/chunks/pages/lb.js
2026-07-29 01:37:42,939 [INFO] [secretfinder.py:365]: [SecretFinder JavaScript Secret Scanner] Scanning JS target: https://about.netflix.com/_next/static/chunks/pages/lib/adapters/http.js
2026-07-29 01:37:44,299 [INFO] [secretfinder.py:365]: [SecretFinder JavaScript Secret Scanner] Scanning JS target: https://about.netflix.com/_next/static/chunks/pages/lib/adapters/xhr.js
2026-07-29 01:37:45,813 [INFO] [secretfinder.py:365]: [SecretFinder JavaScript Secret Scanner] Scanning JS target: https://about.netflix.com/_next/static/chunks/pages/lo.js
2026-07-29 01:37:47,152 [INFO] [secretfinder.py:365]: [SecretFinder JavaScript Secret Scanner] Scanning JS target: https://about.netflix.com/_next/static/chunks/pages/lt.js
2026-07-29 01:37:48,720 [INFO] [secretfinder.py:365]: [SecretFinder JavaScript Secret Scanner] Scanning JS target: https://about.netflix.com/_next/static/chunks/pages/lv.js
2026-07-29 01:37:50,040 [INFO] [secretfinder.py:365]: [SecretFinder JavaScript Secret Scanner] Scanning JS target: https://about.netflix.com/_next/static/chunks/pages/me.js
2026-07-29 01:37:51,607 [INFO] [secretfinder.py:365]: [SecretFinder JavaScript Secret Scanner] Scanning JS target: https://about.netflix.com/_next/static/chunks/pages/mi.js
2026-07-29 01:37:52,922 [INFO] [secretfinder.py:365]: [SecretFinder JavaScript Secret Scanner] Scanning JS target: https://about.netflix.com/_next/static/chunks/pages/mk.js
2026-07-29 01:37:54,489 [INFO] [secretfinder.py:365]: [SecretFinder JavaScript Secret Scanner] Scanning JS target: https://about.netflix.com/_next/static/chunks/pages/ml.js
2026-07-29 01:37:56,005 [INFO] [secretfinder.py:365]: [SecretFinder JavaScript Secret Scanner] Scanning JS target: https://about.netflix.com/_next/static/chunks/pages/mn.js
2026-07-29 01:37:57,591 [INFO] [secretfinder.py:365]: [SecretFinder JavaScript Secret Scanner] Scanning JS target: https://about.netflix.com/_next/static/chunks/pages/mr.js
2026-07-29 01:37:58,950 [INFO] [secretfinder.py:365]: [SecretFinder JavaScript Secret Scanner] Scanning JS target: https://about.netflix.com/_next/static/chunks/pages/ms-my.js
2026-07-29 01:38:00,472 [INFO] [secretfinder.py:365]: [SecretFinder JavaScript Secret Scanner] Scanning JS target: https://about.netflix.com/_next/static/chunks/pages/ms.js
2026-07-29 01:38:01,821 [INFO] [secretfinder.py:365]: [SecretFinder JavaScript Secret Scanner] Scanning JS target: https://about.netflix.com/_next/static/chunks/pages/mt.js
2026-07-29 01:38:03,357 [INFO] [secretfinder.py:365]: [SecretFinder JavaScript Secret Scanner] Scanning JS target: https://about.netflix.com/_next/static/chunks/pages/my.js
2026-07-29 01:38:04,763 [INFO] [secretfinder.py:365]: [SecretFinder JavaScript Secret Scanner] Scanning JS target: https://about.netflix.com/_next/static/chunks/pages/nb.js
2026-07-29 01:38:07,147 [INFO] [secretfinder.py:365]: [SecretFinder JavaScript Secret Scanner] Scanning JS target: https://about.netflix.com/_next/static/chunks/pages/ne.js
2026-07-29 01:38:08,727 [INFO] [secretfinder.py:365]: [SecretFinder JavaScript Secret Scanner] Scanning JS target: https://about.netflix.com/_next/static/chunks/pages/news/%5Bslug%5D-55fa424dc57b78e5.js
2026-07-29 01:38:10,260 [INFO] [secretfinder.py:365]: [SecretFinder JavaScript Secret Scanner] Scanning JS target: https://about.netflix.com/_next/static/chunks/pages/newsroom-df63aee7a4f316cd.js
2026-07-29 01:38:11,640 [INFO] [secretfinder.py:365]: [SecretFinder JavaScript Secret Scanner] Scanning JS target: https://about.netflix.com/_next/static/chunks/pages/nl-be.js
2026-07-29 01:38:12,978 [INFO] [secretfinder.py:365]: [SecretFinder JavaScript Secret Scanner] Scanning JS target: https://about.netflix.com/_next/static/chunks/pages/nl.js
2026-07-29 01:38:14,337 [INFO] [secretfinder.py:365]: [SecretFinder JavaScript Secret Scanner] Scanning JS target: https://about.netflix.com/_next/static/chunks/pages/nn.js
2026-07-29 01:38:15,658 [INFO] [secretfinder.py:365]: [SecretFinder JavaScript Secret Scanner] Scanning JS target: https://about.netflix.com/_next/static/chunks/pages/node.js
2026-07-29 01:38:16,990 [INFO] [secretfinder.py:365]: [SecretFinder JavaScript Secret Scanner] Scanning JS target: https://about.netflix.com/_next/static/chunks/pages/node_modules/coveralls/bin/coveralls.js
2026-07-29 01:38:18,579 [INFO] [secretfinder.py:365]: [SecretFinder JavaScript Secret Scanner] Scanning JS target: https://about.netflix.com/_next/static/chunks/pages/oc-lnc.js
2026-07-29 01:38:20,092 [INFO] [secretfinder.py:365]: [SecretFinder JavaScript Secret Scanner] Scanning JS target: https://about.netflix.com/_next/static/chunks/pages/pa-in.js
2026-07-29 01:38:21,427 [INFO] [secretfinder.py:365]: [SecretFinder JavaScript Secret Scanner] Scanning JS target: https://about.netflix.com/_next/static/chunks/pages/pl.js
2026-07-29 01:38:22,993 [INFO] [secretfinder.py:365]: [SecretFinder JavaScript Secret Scanner] Scanning JS target: https://about.netflix.com/_next/static/chunks/pages/pt-br.js
2026-07-29 01:38:24,526 [INFO] [secretfinder.py:365]: [SecretFinder JavaScript Secret Scanner] Scanning JS target: https://about.netflix.com/_next/static/chunks/pages/pt.js
2026-07-29 01:38:26,054 [INFO] [secretfinder.py:365]: [SecretFinder JavaScript Secret Scanner] Scanning JS target: https://about.netflix.com/_next/static/chunks/pages/ro.js
2026-07-29 01:38:27,423 [INFO] [secretfinder.py:365]: [SecretFinder JavaScript Secret Scanner] Scanning JS target: https://about.netflix.com/_next/static/chunks/pages/ru.js
2026-07-29 01:38:28,802 [INFO] [secretfinder.py:365]: [SecretFinder JavaScript Secret Scanner] Scanning JS target: https://about.netflix.com/_next/static/chunks/pages/sandbox/server.js
2026-07-29 01:38:30,150 [INFO] [secretfinder.py:365]: [SecretFinder JavaScript Secret Scanner] Scanning JS target: https://about.netflix.com/_next/static/chunks/pages/sd.js
2026-07-29 01:38:31,666 [INFO] [secretfinder.py:365]: [SecretFinder JavaScript Secret Scanner] Scanning JS target: https://about.netflix.com/_next/static/chunks/pages/se.js
2026-07-29 01:38:33,166 [INFO] [secretfinder.py:365]: [SecretFinder JavaScript Secret Scanner] Scanning JS target: https://about.netflix.com/_next/static/chunks/pages/si.js
2026-07-29 01:38:34,550 [INFO] [secretfinder.py:365]: [SecretFinder JavaScript Secret Scanner] Scanning JS target: https://about.netflix.com/_next/static/chunks/pages/sk.js
2026-07-29 01:38:36,131 [INFO] [secretfinder.py:365]: [SecretFinder JavaScript Secret Scanner] Scanning JS target: https://about.netflix.com/_next/static/chunks/pages/sl.js
2026-07-29 01:38:37,464 [INFO] [secretfinder.py:365]: [SecretFinder JavaScript Secret Scanner] Scanning JS target: https://about.netflix.com/_next/static/chunks/pages/sq.js
2026-07-29 01:38:39,856 [INFO] [secretfinder.py:365]: [SecretFinder JavaScript Secret Scanner] Scanning JS target: https://about.netflix.com/_next/static/chunks/pages/sr-cyrl.js
2026-07-29 01:38:41,187 [INFO] [secretfinder.py:365]: [SecretFinder JavaScript Secret Scanner] Scanning JS target: https://about.netflix.com/_next/static/chunks/pages/sr.js
2026-07-29 01:38:42,547 [INFO] [secretfinder.py:365]: [SecretFinder JavaScript Secret Scanner] Scanning JS target: https://about.netflix.com/_next/static/chunks/pages/ss.js
2026-07-29 01:38:44,073 [INFO] [secretfinder.py:365]: [SecretFinder JavaScript Secret Scanner] Scanning JS target: https://about.netflix.com/_next/static/chunks/pages/sv.js
2026-07-29 01:38:45,594 [INFO] [secretfinder.py:365]: [SecretFinder JavaScript Secret Scanner] Scanning JS target: https://about.netflix.com/_next/static/chunks/pages/sw.js
2026-07-29 01:38:47,128 [INFO] [secretfinder.py:365]: [SecretFinder JavaScript Secret Scanner] Scanning JS target: https://about.netflix.com/_next/static/chunks/pages/ta.js
2026-07-29 01:38:48,642 [INFO] [secretfinder.py:365]: [SecretFinder JavaScript Secret Scanner] Scanning JS target: https://about.netflix.com/_next/static/chunks/pages/te.js
2026-07-29 01:38:50,253 [INFO] [secretfinder.py:365]: [SecretFinder JavaScript Secret Scanner] Scanning JS target: https://about.netflix.com/_next/static/chunks/pages/tet.js
2026-07-29 01:38:51,767 [INFO] [secretfinder.py:365]: [SecretFinder JavaScript Secret Scanner] Scanning JS target: https://about.netflix.com/_next/static/chunks/pages/tg.js
2026-07-29 01:38:53,289 [INFO] [secretfinder.py:365]: [SecretFinder JavaScript Secret Scanner] Scanning JS target: https://about.netflix.com/_next/static/chunks/pages/th.js
2026-07-29 01:38:54,785 [INFO] [secretfinder.py:365]: [SecretFinder JavaScript Secret Scanner] Scanning JS target: https://about.netflix.com/_next/static/chunks/pages/tk.js
2026-07-29 01:38:56,337 [INFO] [secretfinder.py:365]: [SecretFinder JavaScript Secret Scanner] Scanning JS target: https://about.netflix.com/_next/static/chunks/pages/tl-ph.js
2026-07-29 01:38:57,857 [INFO] [secretfinder.py:365]: [SecretFinder JavaScript Secret Scanner] Scanning JS target: https://about.netflix.com/_next/static/chunks/pages/tlh.js
2026-07-29 01:38:59,361 [INFO] [secretfinder.py:365]: [SecretFinder JavaScript Secret Scanner] Scanning JS target: https://about.netflix.com/_next/static/chunks/pages/tr.js
2026-07-29 01:39:00,889 [INFO] [secretfinder.py:365]: [SecretFinder JavaScript Secret Scanner] Scanning JS target: https://about.netflix.com/_next/static/chunks/pages/tzl.js
2026-07-29 01:39:02,456 [INFO] [secretfinder.py:365]: [SecretFinder JavaScript Secret Scanner] Scanning JS target: https://about.netflix.com/_next/static/chunks/pages/tzm-latn.js
2026-07-29 01:39:03,824 [INFO] [secretfinder.py:365]: [SecretFinder JavaScript Secret Scanner] Scanning JS target: https://about.netflix.com/_next/static/chunks/pages/tzm.js
2026-07-29 01:39:05,172 [INFO] [secretfinder.py:365]: [SecretFinder JavaScript Secret Scanner] Scanning JS target: https://about.netflix.com/_next/static/chunks/pages/ug-cn.js
2026-07-29 01:39:06,689 [INFO] [secretfinder.py:365]: [SecretFinder JavaScript Secret Scanner] Scanning JS target: https://about.netflix.com/_next/static/chunks/pages/uk.js
2026-07-29 01:39:08,230 [INFO] [secretfinder.py:365]: [SecretFinder JavaScript Secret Scanner] Scanning JS target: https://about.netflix.com/_next/static/chunks/pages/ur.js
2026-07-29 01:39:09,760 [INFO] [secretfinder.py:365]: [SecretFinder JavaScript Secret Scanner] Scanning JS target: https://about.netflix.com/_next/static/chunks/pages/uz-latn.js
2026-07-29 01:39:12,150 [INFO] [secretfinder.py:365]: [SecretFinder JavaScript Secret Scanner] Scanning JS target: https://about.netflix.com/_next/static/chunks/pages/uz.js
2026-07-29 01:39:13,723 [INFO] [secretfinder.py:365]: [SecretFinder JavaScript Secret Scanner] Scanning JS target: https://about.netflix.com/_next/static/chunks/pages/vi.js
2026-07-29 01:39:15,063 [INFO] [secretfinder.py:365]: [SecretFinder JavaScript Secret Scanner] Scanning JS target: https://about.netflix.com/_next/static/chunks/pages/x-pseudo.js
2026-07-29 01:39:16,427 [INFO] [secretfinder.py:365]: [SecretFinder JavaScript Secret Scanner] Scanning JS target: https://about.netflix.com/_next/static/chunks/pages/yo.js
2026-07-29 01:39:17,777 [INFO] [secretfinder.py:365]: [SecretFinder JavaScript Secret Scanner] Scanning JS target: https://about.netflix.com/_next/static/chunks/pages/zh-cn.js
2026-07-29 01:39:19,300 [INFO] [secretfinder.py:365]: [SecretFinder JavaScript Secret Scanner] Scanning JS target: https://about.netflix.com/_next/static/chunks/pages/zh-hk.js
2026-07-29 01:39:20,813 [INFO] [secretfinder.py:365]: [SecretFinder JavaScript Secret Scanner] Scanning JS target: https://about.netflix.com/_next/static/chunks/pages/zh-mo.js
2026-07-29 01:39:22,384 [INFO] [secretfinder.py:365]: [SecretFinder JavaScript Secret Scanner] Scanning JS target: https://about.netflix.com/_next/static/chunks/pages/zh-tw.js
2026-07-29 01:39:23,742 [INFO] [secretfinder.py:365]: [SecretFinder JavaScript Secret Scanner] Scanning JS target: https://about.netflix.com/_next/static/chunks/polyfills-42372ed130431b0a.js
2026-07-29 01:39:25,699 [INFO] [secretfinder.py:379]: [SecretFinder JavaScript Secret Scanner] 9 finding(s) discovered in https://about.netflix.com/_next/static/chunks/polyfills-42372ed130431b0a.js
2026-07-29 01:39:25,700 [INFO] [secretfinder.py:365]: [SecretFinder JavaScript Secret Scanner] Scanning JS target: https://about.netflix.com/_next/static/chunks/webpack-49672b28d7dc7804.js
2026-07-29 01:39:27,212 [INFO] [secretfinder.py:365]: [SecretFinder JavaScript Secret Scanner] Scanning JS target: https://about.netflix.com/_next/static/qclPCMgoGPgQdNhKKUIyM/_buildManifest.js
2026-07-29 01:39:28,801 [INFO] [secretfinder.py:365]: [SecretFinder JavaScript Secret Scanner] Scanning JS target: https://about.netflix.com/_next/static/qclPCMgoGPgQdNhKKUIyM/_ssgManifest.js
2026-07-29 01:39:30,149 [INFO] [secretfinder.py:365]: [SecretFinder JavaScript Secret Scanner] Scanning JS target: https://about.netflix.com/_next/static/qclPCMgoGPgQdNhKKUIyM/static/chunks/245-2d5be4a0b4ebda6e.js
2026-07-29 01:39:31,494 [INFO] [secretfinder.py:365]: [SecretFinder JavaScript Secret Scanner] Scanning JS target: https://about.netflix.com/_next/static/qclPCMgoGPgQdNhKKUIyM/static/chunks/461-94bac3882ea7f325.js
2026-07-29 01:39:33,033 [INFO] [secretfinder.py:365]: [SecretFinder JavaScript Secret Scanner] Scanning JS target: https://about.netflix.com/_next/static/qclPCMgoGPgQdNhKKUIyM/static/chunks/592-131f98519fca19b0.js
2026-07-29 01:39:34,382 [INFO] [secretfinder.py:365]: [SecretFinder JavaScript Secret Scanner] Scanning JS target: https://about.netflix.com/_next/static/qclPCMgoGPgQdNhKKUIyM/static/chunks/894-55f4fcea310d326a.js
2026-07-29 01:39:36,431 [INFO] [secretfinder.py:365]: [SecretFinder JavaScript Secret Scanner] Scanning JS target: https://about.netflix.com/_next/static/qclPCMgoGPgQdNhKKUIyM/static/chunks/pages/404-12de0d8ddaf931c2.js
2026-07-29 01:39:37,968 [INFO] [secretfinder.py:365]: [SecretFinder JavaScript Secret Scanner] Scanning JS target: https://about.netflix.com/_next/static/qclPCMgoGPgQdNhKKUIyM/static/chunks/pages/_error-6d55dbc0aabf8326.js
2026-07-29 01:39:39,532 [INFO] [secretfinder.py:365]: [SecretFinder JavaScript Secret Scanner] Scanning JS target: https://about.netflix.com/_next/static/qclPCMgoGPgQdNhKKUIyM/static/chunks/pages/company-assets-a87a4cc555917e98.js
2026-07-29 01:39:41,046 [INFO] [secretfinder.py:365]: [SecretFinder JavaScript Secret Scanner] Scanning JS target: https://about.netflix.com/_next/static/qclPCMgoGPgQdNhKKUIyM/static/chunks/pages/feed.xml-5c1b937b47d0de94.js
2026-07-29 01:39:42,570 [INFO] [secretfinder.py:365]: [SecretFinder JavaScript Secret Scanner] Scanning JS target: https://about.netflix.com/_next/static/qclPCMgoGPgQdNhKKUIyM/static/chunks/pages/impact-b11f5a04986d0317.js
2026-07-29 01:39:44,075 [INFO] [secretfinder.py:365]: [SecretFinder JavaScript Secret Scanner] Scanning JS target: https://about.netflix.com/_next/static/qclPCMgoGPgQdNhKKUIyM/static/chunks/pages/inclusion-d3018ba316039aa4.js
2026-07-29 01:39:46,461 [INFO] [secretfinder.py:365]: [SecretFinder JavaScript Secret Scanner] Scanning JS target: https://about.netflix.com/_next/static/qclPCMgoGPgQdNhKKUIyM/static/chunks/pages/index-629a31e313a279d4.js
2026-07-29 01:39:47,800 [INFO] [secretfinder.py:365]: [SecretFinder JavaScript Secret Scanner] Scanning JS target: https://about.netflix.com/_next/static/qclPCMgoGPgQdNhKKUIyM/static/chunks/pages/leadership-e2e201a4aadd4934.js
2026-07-29 01:39:49,173 [INFO] [secretfinder.py:365]: [SecretFinder JavaScript Secret Scanner] Scanning JS target: https://about.netflix.com/_next/static/qclPCMgoGPgQdNhKKUIyM/static/chunks/pages/new-to-watch-7ba215c4f6656e1f.js
2026-07-29 01:39:50,546 [INFO] [secretfinder.py:365]: [SecretFinder JavaScript Secret Scanner] Scanning JS target: https://about.netflix.com/_next/static/qclPCMgoGPgQdNhKKUIyM/static/chunks/pages/newsroom-df63aee7a4f316cd.js
2026-07-29 01:39:51,892 [INFO] [secretfinder.py:365]: [SecretFinder JavaScript Secret Scanner] Scanning JS target: https://about.netflix.com/_next/static/qclPCMgoGPgQdNhKKUIyM/static/chunks/pages/newsroom/preferences-79ad87f646ba8398.js
2026-07-29 01:39:53,426 [INFO] [secretfinder.py:365]: [SecretFinder JavaScript Secret Scanner] Scanning JS target: https://about.netflix.com/_next/static/qclPCMgoGPgQdNhKKUIyM/static/chunks/pages/nic-fadcb654aff4c156.js
2026-07-29 01:39:54,945 [INFO] [secretfinder.py:365]: [SecretFinder JavaScript Secret Scanner] Scanning JS target: https://about.netflix.com/_next/static/qclPCMgoGPgQdNhKKUIyM/static/chunks/pages/programs-47fcd99dd2039120.js
2026-07-29 01:39:56,520 [INFO] [secretfinder.py:365]: [SecretFinder JavaScript Secret Scanner] Scanning JS target: https://about.netflix.com/_next/static/qclPCMgoGPgQdNhKKUIyM/static/chunks/pages/sustainability-783799518e0d222b.js
2026-07-29 01:39:58,092 [INFO] [secretfinder.py:365]: [SecretFinder JavaScript Secret Scanner] Scanning JS target: https://assets.nflxext.com/player/html/ffe/cadmium-playercore-6.0060.258.911.js
2026-07-29 01:39:59,910 [INFO] [secretfinder.py:379]: [SecretFinder JavaScript Secret Scanner] 230 finding(s) discovered in https://assets.nflxext.com/player/html/ffe/cadmium-playercore-6.0060.258.911.js
2026-07-29 01:39:59,910 [INFO] [secretfinder.py:365]: [SecretFinder JavaScript Secret Scanner] Scanning JS target: https://assets.nflxext.com/web/ffe/wp/ui/clcs/login/client.fa3ac2b0442bf8f95d07.js
2026-07-29 01:40:02,565 [INFO] [secretfinder.py:379]: [SecretFinder JavaScript Secret Scanner] 194 finding(s) discovered in https://assets.nflxext.com/web/ffe/wp/ui/clcs/login/client.fa3ac2b0442bf8f95d07.js
2026-07-29 01:40:02,565 [INFO] [secretfinder.py:365]: [SecretFinder JavaScript Secret Scanner] Scanning JS target: https://assets.nflxext.com/web/ffe/wp/ui/clcs/login/client.js
2026-07-29 01:40:03,495 [INFO] [secretfinder.py:365]: [SecretFinder JavaScript Secret Scanner] Scanning JS target: https://assets.nflxext.com/web/ffe/wp/ui/landingPages/nmContent/nmTitle/nmTitleComposedClient.ae1503b528ea1ef45b3f.js
2026-07-29 01:40:06,516 [INFO] [secretfinder.py:379]: [SecretFinder JavaScript Secret Scanner] 208 finding(s) discovered in https://assets.nflxext.com/web/ffe/wp/ui/landingPages/nmContent/nmTitle/nmTitleComposedClient.ae1503b528ea1ef45b3f.js
2026-07-29 01:40:06,516 [INFO] [secretfinder.py:365]: [SecretFinder JavaScript Secret Scanner] Scanning JS target: https://assets.nflxext.com/web/ffe/wp/ui/landingPages/nmContent/nmTitle/nmTitleComposedClient.js
2026-07-29 01:40:07,985 [INFO] [secretfinder.py:365]: [SecretFinder JavaScript Secret Scanner] Scanning JS target: https://assets.nflxext.com/web/ffe/wp/ui/landingPages/nmhp/nmhpFrameworkClient.fb984a62c6866e8f5146.js
2026-07-29 01:40:12,444 [INFO] [secretfinder.py:379]: [SecretFinder JavaScript Secret Scanner] 162 finding(s) discovered in https://assets.nflxext.com/web/ffe/wp/ui/landingPages/nmhp/nmhpFrameworkClient.fb984a62c6866e8f5146.js
2026-07-29 01:40:12,444 [INFO] [secretfinder.py:365]: [SecretFinder JavaScript Secret Scanner] Scanning JS target: https://assets.nflxext.com/web/ffe/wp/ui/landingPages/nmhp/nmhpFrameworkClient.js
2026-07-29 01:40:13,381 [INFO] [secretfinder.py:365]: [SecretFinder JavaScript Secret Scanner] Scanning JS target: https://assets.nflxext.com/web/ffe/wp/ui/pulseClient.56d3fd2ec39173fe11bd.js
2026-07-29 01:40:15,915 [INFO] [secretfinder.py:379]: [SecretFinder JavaScript Secret Scanner] 92 finding(s) discovered in https://assets.nflxext.com/web/ffe/wp/ui/pulseClient.56d3fd2ec39173fe11bd.js
2026-07-29 01:40:15,915 [INFO] [secretfinder.py:365]: [SecretFinder JavaScript Secret Scanner] Scanning JS target: https://assets.nflxext.com/web/ffe/wp/ui/pulseClient.js
2026-07-29 01:40:17,149 [INFO] [secretfinder.py:365]: [SecretFinder JavaScript Secret Scanner] Scanning JS target: https://brand.netflix.com/assets/index-Da7LePZz.js
2026-07-29 01:40:21,430 [INFO] [secretfinder.py:379]: [SecretFinder JavaScript Secret Scanner] 84 finding(s) discovered in https://brand.netflix.com/assets/index-Da7LePZz.js
2026-07-29 01:40:21,430 [INFO] [secretfinder.py:365]: [SecretFinder JavaScript Secret Scanner] Scanning JS target: https://cdn.cookielaw.org/scripttemplates/otSDKStub.js
2026-07-29 01:40:21,793 [INFO] [secretfinder.py:365]: [SecretFinder JavaScript Secret Scanner] Scanning JS target: https://help.nflxext.com/helpcenter/OneTrust/oneTrust_production_2026-05-14/scripttemplates/otSDKStub.js
2026-07-29 01:40:22,113 [INFO] [secretfinder.py:365]: [SecretFinder JavaScript Secret Scanner] Scanning JS target: https://help.nflxext.com/helpcenter/article_214fd537da3e3386fdd4.js
2026-07-29 01:40:22,419 [INFO] [secretfinder.py:365]: [SecretFinder JavaScript Secret Scanner] Scanning JS target: https://help.nflxext.com/helpcenter/common_235de676caebb637148f.js
2026-07-29 01:40:22,964 [INFO] [secretfinder.py:379]: [SecretFinder JavaScript Secret Scanner] 12 finding(s) discovered in https://help.nflxext.com/helpcenter/common_235de676caebb637148f.js
2026-07-29 01:40:22,965 [INFO] [secretfinder.py:365]: [SecretFinder JavaScript Secret Scanner] Scanning JS target: https://help.nflxext.com/helpcenter/contact-us_5d586c820500c9465ec2.js
2026-07-29 01:40:23,654 [INFO] [secretfinder.py:379]: [SecretFinder JavaScript Secret Scanner] 43 finding(s) discovered in https://help.nflxext.com/helpcenter/contact-us_5d586c820500c9465ec2.js
2026-07-29 01:40:23,655 [INFO] [secretfinder.py:365]: [SecretFinder JavaScript Secret Scanner] Scanning JS target: https://help.nflxext.com/helpcenter/home-redesign_1782fa052592fd5b5f78.js
2026-07-29 01:40:23,892 [INFO] [secretfinder.py:365]: [SecretFinder JavaScript Secret Scanner] Scanning JS target: https://help.nflxext.com/helpcenter/manifest_e953583ab468026537a4.js
2026-07-29 01:40:24,112 [INFO] [secretfinder.py:365]: [SecretFinder JavaScript Secret Scanner] Scanning JS target: https://jobs.netflix.com/%5C.js
2026-07-29 01:40:25,309 [INFO] [secretfinder.py:379]: [SecretFinder JavaScript Secret Scanner] 2 finding(s) discovered in https://jobs.netflix.com/%5C.js
2026-07-29 01:40:25,309 [INFO] [secretfinder.py:365]: [SecretFinder JavaScript Secret Scanner] Scanning JS target: https://jobs.netflix.com/_next/static/chunks/0072.fjgdlllf.js
2026-07-29 01:40:26,382 [INFO] [secretfinder.py:365]: [SecretFinder JavaScript Secret Scanner] Scanning JS target: https://jobs.netflix.com/_next/static/chunks/01xlw8hd842-c.js
2026-07-29 01:40:27,407 [INFO] [secretfinder.py:365]: [SecretFinder JavaScript Secret Scanner] Scanning JS target: https://jobs.netflix.com/_next/static/chunks/03k0_nub65s~w.js
2026-07-29 01:40:28,488 [INFO] [secretfinder.py:379]: [SecretFinder JavaScript Secret Scanner] 1 finding(s) discovered in https://jobs.netflix.com/_next/static/chunks/03k0_nub65s~w.js
2026-07-29 01:40:28,488 [INFO] [secretfinder.py:365]: [SecretFinder JavaScript Secret Scanner] Scanning JS target: https://jobs.netflix.com/_next/static/chunks/03~yq9q893hmn.js
2026-07-29 01:40:29,799 [INFO] [secretfinder.py:379]: [SecretFinder JavaScript Secret Scanner] 9 finding(s) discovered in https://jobs.netflix.com/_next/static/chunks/03~yq9q893hmn.js
2026-07-29 01:40:29,799 [INFO] [secretfinder.py:365]: [SecretFinder JavaScript Secret Scanner] Scanning JS target: https://jobs.netflix.com/_next/static/chunks/0886e-te5tcp0.js
2026-07-29 01:40:31,170 [INFO] [secretfinder.py:379]: [SecretFinder JavaScript Secret Scanner] 2 finding(s) discovered in https://jobs.netflix.com/_next/static/chunks/0886e-te5tcp0.js
2026-07-29 01:40:31,170 [INFO] [secretfinder.py:365]: [SecretFinder JavaScript Secret Scanner] Scanning JS target: https://jobs.netflix.com/_next/static/chunks/089n_43zxbqbw.js
2026-07-29 01:40:32,911 [INFO] [secretfinder.py:379]: [SecretFinder JavaScript Secret Scanner] 8 finding(s) discovered in https://jobs.netflix.com/_next/static/chunks/089n_43zxbqbw.js
2026-07-29 01:40:32,911 [INFO] [secretfinder.py:365]: [SecretFinder JavaScript Secret Scanner] Scanning JS target: https://jobs.netflix.com/_next/static/chunks/09wr_2vdc3yom.js
2026-07-29 01:40:34,301 [INFO] [secretfinder.py:379]: [SecretFinder JavaScript Secret Scanner] 2 finding(s) discovered in https://jobs.netflix.com/_next/static/chunks/09wr_2vdc3yom.js
2026-07-29 01:40:34,301 [INFO] [secretfinder.py:365]: [SecretFinder JavaScript Secret Scanner] Scanning JS target: https://jobs.netflix.com/_next/static/chunks/0a8qbxw0pf7v..js
2026-07-29 01:40:35,341 [INFO] [secretfinder.py:365]: [SecretFinder JavaScript Secret Scanner] Scanning JS target: https://jobs.netflix.com/_next/static/chunks/0d3shmwh5_nmn.js
2026-07-29 01:40:36,437 [INFO] [secretfinder.py:379]: [SecretFinder JavaScript Secret Scanner] 1 finding(s) discovered in https://jobs.netflix.com/_next/static/chunks/0d3shmwh5_nmn.js
2026-07-29 01:40:36,437 [INFO] [secretfinder.py:365]: [SecretFinder JavaScript Secret Scanner] Scanning JS target: https://jobs.netflix.com/_next/static/chunks/0fh5cezm.doh6.js
2026-07-29 01:40:37,455 [INFO] [secretfinder.py:365]: [SecretFinder JavaScript Secret Scanner] Scanning JS target: https://jobs.netflix.com/_next/static/chunks/0jjpvhx3-9mx2.js
2026-07-29 01:40:38,505 [INFO] [secretfinder.py:365]: [SecretFinder JavaScript Secret Scanner] Scanning JS target: https://jobs.netflix.com/_next/static/chunks/0o32pymt6.p2t.js
2026-07-29 01:40:39,564 [INFO] [secretfinder.py:379]: [SecretFinder JavaScript Secret Scanner] 1 finding(s) discovered in https://jobs.netflix.com/_next/static/chunks/0o32pymt6.p2t.js
2026-07-29 01:40:39,565 [INFO] [secretfinder.py:365]: [SecretFinder JavaScript Secret Scanner] Scanning JS target: https://jobs.netflix.com/_next/static/chunks/0pqt~8bl3ukh4.js
2026-07-29 01:40:40,611 [INFO] [secretfinder.py:379]: [SecretFinder JavaScript Secret Scanner] 1 finding(s) discovered in https://jobs.netflix.com/_next/static/chunks/0pqt~8bl3ukh4.js
2026-07-29 01:40:40,611 [INFO] [secretfinder.py:365]: [SecretFinder JavaScript Secret Scanner] Scanning JS target: https://jobs.netflix.com/_next/static/chunks/0wu_aayw0psgm.js
2026-07-29 01:40:41,665 [INFO] [secretfinder.py:379]: [SecretFinder JavaScript Secret Scanner] 1 finding(s) discovered in https://jobs.netflix.com/_next/static/chunks/0wu_aayw0psgm.js
2026-07-29 01:40:41,665 [INFO] [secretfinder.py:365]: [SecretFinder JavaScript Secret Scanner] Scanning JS target: https://jobs.netflix.com/_next/static/chunks/0z9kjhg1i3f6b.js
2026-07-29 01:40:42,704 [INFO] [secretfinder.py:379]: [SecretFinder JavaScript Secret Scanner] 1 finding(s) discovered in https://jobs.netflix.com/_next/static/chunks/0z9kjhg1i3f6b.js
2026-07-29 01:40:42,704 [INFO] [secretfinder.py:365]: [SecretFinder JavaScript Secret Scanner] Scanning JS target: https://jobs.netflix.com/_next/static/chunks/0ztf5tn0vgp-_.js
2026-07-29 01:40:44,211 [INFO] [secretfinder.py:379]: [SecretFinder JavaScript Secret Scanner] 3 finding(s) discovered in https://jobs.netflix.com/_next/static/chunks/0ztf5tn0vgp-_.js
2026-07-29 01:40:44,212 [INFO] [secretfinder.py:365]: [SecretFinder JavaScript Secret Scanner] Scanning JS target: https://jobs.netflix.com/_next/static/chunks/12ofn_zmdhlba.js
2026-07-29 01:40:45,493 [INFO] [secretfinder.py:379]: [SecretFinder JavaScript Secret Scanner] 1 finding(s) discovered in https://jobs.netflix.com/_next/static/chunks/12ofn_zmdhlba.js
2026-07-29 01:40:45,493 [INFO] [secretfinder.py:365]: [SecretFinder JavaScript Secret Scanner] Scanning JS target: https://jobs.netflix.com/_next/static/chunks/13ujtabdaqifl.js
2026-07-29 01:40:46,571 [INFO] [secretfinder.py:379]: [SecretFinder JavaScript Secret Scanner] 1 finding(s) discovered in https://jobs.netflix.com/_next/static/chunks/13ujtabdaqifl.js
2026-07-29 01:40:46,571 [INFO] [secretfinder.py:365]: [SecretFinder JavaScript Secret Scanner] Scanning JS target: https://jobs.netflix.com/_next/static/chunks/Three.js
2026-07-29 01:40:47,588 [INFO] [secretfinder.py:365]: [SecretFinder JavaScript Secret Scanner] Scanning JS target: https://jobs.netflix.com/_next/static/chunks/draco_decoder.js
2026-07-29 01:40:48,618 [INFO] [secretfinder.py:365]: [SecretFinder JavaScript Secret Scanner] Scanning JS target: https://jobs.netflix.com/_next/static/chunks/draco_wasm_wrapper.js
2026-07-29 01:40:49,625 [INFO] [secretfinder.py:365]: [SecretFinder JavaScript Secret Scanner] Scanning JS target: https://jobs.netflix.com/_next/static/chunks/static/chunks/0072.fjgdlllf.js
2026-07-29 01:40:51,323 [INFO] [secretfinder.py:365]: [SecretFinder JavaScript Secret Scanner] Scanning JS target: https://jobs.netflix.com/_next/static/chunks/static/chunks/0886e-te5tcp0.js
2026-07-29 01:40:52,363 [INFO] [secretfinder.py:365]: [SecretFinder JavaScript Secret Scanner] Scanning JS target: https://jobs.netflix.com/_next/static/chunks/static/chunks/0ztf5tn0vgp-_.js
2026-07-29 01:40:53,353 [INFO] [secretfinder.py:365]: [SecretFinder JavaScript Secret Scanner] Scanning JS target: https://jobs.netflix.com/_next/static/chunks/turbopack-0hf9y_fsbo.7v.js
2026-07-29 01:40:54,404 [INFO] [secretfinder.py:365]: [SecretFinder JavaScript Secret Scanner] Scanning JS target: https://jobs.netflix.com/edge.fullstory.com/s/edge.fullstory.com/s/fs.js
2026-07-29 01:40:55,660 [INFO] [secretfinder.py:379]: [SecretFinder JavaScript Secret Scanner] 2 finding(s) discovered in https://jobs.netflix.com/edge.fullstory.com/s/edge.fullstory.com/s/fs.js
2026-07-29 01:40:55,661 [INFO] [secretfinder.py:365]: [SecretFinder JavaScript Secret Scanner] Scanning JS target: https://jobs.netflix.com/edge.fullstory.com/s/fs.js
2026-07-29 01:40:56,893 [INFO] [secretfinder.py:379]: [SecretFinder JavaScript Secret Scanner] 2 finding(s) discovered in https://jobs.netflix.com/edge.fullstory.com/s/fs.js
2026-07-29 01:40:56,893 [INFO] [secretfinder.py:365]: [SecretFinder JavaScript Secret Scanner] Scanning JS target: https://jobs.netflix.com/locations/edge.fullstory.com/s/fs.js
2026-07-29 01:40:58,138 [INFO] [secretfinder.py:365]: [SecretFinder JavaScript Secret Scanner] Scanning JS target: https://jobs.netflix.com/locations/fs.js
2026-07-29 01:40:59,208 [INFO] [secretfinder.py:365]: [SecretFinder JavaScript Secret Scanner] Scanning JS target: https://media.netflix.com/_next/static/chunks/113-54612556567c5907.js
2026-07-29 01:41:00,746 [INFO] [secretfinder.py:365]: [SecretFinder JavaScript Secret Scanner] Scanning JS target: https://media.netflix.com/_next/static/chunks/213-4d9c1f3b3a745f44.js
2026-07-29 01:41:02,152 [INFO] [secretfinder.py:365]: [SecretFinder JavaScript Secret Scanner] Scanning JS target: https://media.netflix.com/_next/static/chunks/300-71e1b115ad6976d6.js
2026-07-29 01:41:03,676 [INFO] [secretfinder.py:365]: [SecretFinder JavaScript Secret Scanner] Scanning JS target: https://media.netflix.com/_next/static/chunks/345-0615c307ac44e39d.js
2026-07-29 01:41:05,221 [INFO] [secretfinder.py:365]: [SecretFinder JavaScript Secret Scanner] Scanning JS target: https://media.netflix.com/_next/static/chunks/449-456bcecb76a9419b.js
2026-07-29 01:41:06,606 [INFO] [secretfinder.py:365]: [SecretFinder JavaScript Secret Scanner] Scanning JS target: https://media.netflix.com/_next/static/chunks/459-9f50698b862da313.js
2026-07-29 01:41:08,006 [INFO] [secretfinder.py:365]: [SecretFinder JavaScript Secret Scanner] Scanning JS target: https://media.netflix.com/_next/static/chunks/842-afce79e906c1e379.js
2026-07-29 01:41:09,890 [INFO] [secretfinder.py:365]: [SecretFinder JavaScript Secret Scanner] Scanning JS target: https://media.netflix.com/_next/static/chunks/955-e1dce3e356870753.js
2026-07-29 01:41:11,275 [INFO] [secretfinder.py:365]: [SecretFinder JavaScript Secret Scanner] Scanning JS target: https://media.netflix.com/_next/static/chunks/Moment.js
2026-07-29 01:41:13,410 [INFO] [secretfinder.py:379]: [SecretFinder JavaScript Secret Scanner] 4 finding(s) discovered in https://media.netflix.com/_next/static/chunks/Moment.js
2026-07-29 01:41:13,410 [INFO] [secretfinder.py:365]: [SecretFinder JavaScript Secret Scanner] Scanning JS target: https://media.netflix.com/_next/static/chunks/Moment.js?countryCode=IN&amp
2026-07-29 01:41:15,527 [INFO] [secretfinder.py:379]: [SecretFinder JavaScript Secret Scanner] 4 finding(s) discovered in https://media.netflix.com/_next/static/chunks/Moment.js?countryCode=IN&amp
2026-07-29 01:41:15,527 [INFO] [secretfinder.py:365]: [SecretFinder JavaScript Secret Scanner] Scanning JS target: https://media.netflix.com/_next/static/chunks/Moment.js?countryCode=IN&amp;*=_next%2Fstatic%2Fchunks%2FMoment.js
2026-07-29 01:41:17,369 [INFO] [secretfinder.py:379]: [SecretFinder JavaScript Secret Scanner] 4 finding(s) discovered in https://media.netflix.com/_next/static/chunks/Moment.js?countryCode=IN&amp;*=_next%2Fstatic%2Fchunks%2FMoment.js
2026-07-29 01:41:17,369 [INFO] [secretfinder.py:365]: [SecretFinder JavaScript Secret Scanner] Scanning JS target: https://media.netflix.com/_next/static/chunks/_next/static/chunks/Moment.js
2026-07-29 01:41:19,559 [INFO] [secretfinder.py:379]: [SecretFinder JavaScript Secret Scanner] 4 finding(s) discovered in https://media.netflix.com/_next/static/chunks/_next/static/chunks/Moment.js
2026-07-29 01:41:19,559 [INFO] [secretfinder.py:365]: [SecretFinder JavaScript Secret Scanner] Scanning JS target: https://media.netflix.com/_next/static/chunks/a29ae703-cd43c5a1bde5c24c.js
2026-07-29 01:41:21,469 [INFO] [secretfinder.py:379]: [SecretFinder JavaScript Secret Scanner] 2 finding(s) discovered in https://media.netflix.com/_next/static/chunks/a29ae703-cd43c5a1bde5c24c.js
2026-07-29 01:41:21,469 [INFO] [secretfinder.py:365]: [SecretFinder JavaScript Secret Scanner] Scanning JS target: https://media.netflix.com/_next/static/chunks/e999873e-2ce9cfc212871b2e.js
2026-07-29 01:41:26,221 [INFO] [secretfinder.py:365]: [SecretFinder JavaScript Secret Scanner] Scanning JS target: https://media.netflix.com/_next/static/chunks/framework-df468cf7b33363bb.js
2026-07-29 01:41:28,225 [INFO] [secretfinder.py:379]: [SecretFinder JavaScript Secret Scanner] 5 finding(s) discovered in https://media.netflix.com/_next/static/chunks/framework-df468cf7b33363bb.js
2026-07-29 01:41:28,226 [INFO] [secretfinder.py:365]: [SecretFinder JavaScript Secret Scanner] Scanning JS target: https://media.netflix.com/_next/static/chunks/main-40f843b55ed5a9b6.js
2026-07-29 01:41:30,810 [INFO] [secretfinder.py:379]: [SecretFinder JavaScript Secret Scanner] 10 finding(s) discovered in https://media.netflix.com/_next/static/chunks/main-40f843b55ed5a9b6.js
2026-07-29 01:41:30,811 [INFO] [secretfinder.py:365]: [SecretFinder JavaScript Secret Scanner] Scanning JS target: https://media.netflix.com/_next/static/chunks/pages/_app-ece13c027e963805.js
2026-07-29 01:41:34,290 [INFO] [secretfinder.py:379]: [SecretFinder JavaScript Secret Scanner] 9 finding(s) discovered in https://media.netflix.com/_next/static/chunks/pages/_app-ece13c027e963805.js
2026-07-29 01:41:34,290 [INFO] [secretfinder.py:365]: [SecretFinder JavaScript Secret Scanner] Scanning JS target: https://media.netflix.com/_next/static/chunks/pages/_error-70b1f584e630e8dc.js
2026-07-29 01:41:35,861 [INFO] [secretfinder.py:365]: [SecretFinder JavaScript Secret Scanner] Scanning JS target: https://media.netflix.com/_next/static/chunks/pages/contact-us-9fe19f63d9c28706.js
2026-07-29 01:41:37,475 [INFO] [secretfinder.py:379]: [SecretFinder JavaScript Secret Scanner] 1 finding(s) discovered in https://media.netflix.com/_next/static/chunks/pages/contact-us-9fe19f63d9c28706.js
2026-07-29 01:41:37,475 [INFO] [secretfinder.py:365]: [SecretFinder JavaScript Secret Scanner] Scanning JS target: https://media.netflix.com/_next/static/chunks/pages/index-b865a6e0b265e98b.js
2026-07-29 01:41:38,915 [INFO] [secretfinder.py:365]: [SecretFinder JavaScript Secret Scanner] Scanning JS target: https://media.netflix.com/_next/static/chunks/polyfills-42372ed130431b0a.js
2026-07-29 01:41:40,989 [INFO] [secretfinder.py:379]: [SecretFinder JavaScript Secret Scanner] 9 finding(s) discovered in https://media.netflix.com/_next/static/chunks/polyfills-42372ed130431b0a.js
2026-07-29 01:41:40,989 [INFO] [secretfinder.py:365]: [SecretFinder JavaScript Secret Scanner] Scanning JS target: https://media.netflix.com/_next/static/chunks/webpack-e5bba1a33f226a33.js
2026-07-29 01:41:42,399 [INFO] [secretfinder.py:365]: [SecretFinder JavaScript Secret Scanner] Scanning JS target: https://media.netflix.com/_next/static/dis2BKdPCyVz8yD02CffD/_buildManifest.js
2026-07-29 01:41:43,773 [INFO] [secretfinder.py:365]: [SecretFinder JavaScript Secret Scanner] Scanning JS target: https://media.netflix.com/_next/static/dis2BKdPCyVz8yD02CffD/_ssgManifest.js
2026-07-29 01:41:45,317 [INFO] [secretfinder.py:365]: [SecretFinder JavaScript Secret Scanner] Scanning JS target: https://media.netflix.com/_next/static/dis2BKdPCyVz8yD02CffD/static/chunks/113-54612556567c5907.js
2026-07-29 01:41:47,432 [INFO] [secretfinder.py:379]: [SecretFinder JavaScript Secret Scanner] 4 finding(s) discovered in https://media.netflix.com/_next/static/dis2BKdPCyVz8yD02CffD/static/chunks/113-54612556567c5907.js
2026-07-29 01:41:47,432 [INFO] [secretfinder.py:365]: [SecretFinder JavaScript Secret Scanner] Scanning JS target: https://media.netflix.com/_next/static/dis2BKdPCyVz8yD02CffD/static/chunks/113-54612556567c5907.js?countryCode=IN&amp
2026-07-29 01:41:49,522 [INFO] [secretfinder.py:379]: [SecretFinder JavaScript Secret Scanner] 4 finding(s) discovered in https://media.netflix.com/_next/static/dis2BKdPCyVz8yD02CffD/static/chunks/113-54612556567c5907.js?countryCode=IN&amp
2026-07-29 01:41:49,522 [INFO] [secretfinder.py:365]: [SecretFinder JavaScript Secret Scanner] Scanning JS target: https://media.netflix.com/_next/static/dis2BKdPCyVz8yD02CffD/static/chunks/113-54612556567c5907.js?countryCode=IN&amp;*=_next%2Fstatic%2Fdis2BKdPCyVz8yD02CffD%2Fstatic%2Fchunks%2F113-54612556567c5907.js
2026-07-29 01:41:51,690 [INFO] [secretfinder.py:379]: [SecretFinder JavaScript Secret Scanner] 4 finding(s) discovered in https://media.netflix.com/_next/static/dis2BKdPCyVz8yD02CffD/static/chunks/113-54612556567c5907.js?countryCode=IN&amp;*=_next%2Fstatic%2Fdis2BKdPCyVz8yD02CffD%2Fstatic%2Fchunks%2F113-54612556567c5907.js
2026-07-29 01:41:51,690 [INFO] [secretfinder.py:365]: [SecretFinder JavaScript Secret Scanner] Scanning JS target: https://media.netflix.com/_next/static/dis2BKdPCyVz8yD02CffD/static/chunks/213-4d9c1f3b3a745f44.js
2026-07-29 01:41:53,547 [INFO] [secretfinder.py:379]: [SecretFinder JavaScript Secret Scanner] 4 finding(s) discovered in https://media.netflix.com/_next/static/dis2BKdPCyVz8yD02CffD/static/chunks/213-4d9c1f3b3a745f44.js
2026-07-29 01:41:53,547 [INFO] [secretfinder.py:365]: [SecretFinder JavaScript Secret Scanner] Scanning JS target: https://media.netflix.com/_next/static/dis2BKdPCyVz8yD02CffD/static/chunks/213-4d9c1f3b3a745f44.js?countryCode=IN&amp
2026-07-29 01:41:55,705 [INFO] [secretfinder.py:379]: [SecretFinder JavaScript Secret Scanner] 4 finding(s) discovered in https://media.netflix.com/_next/static/dis2BKdPCyVz8yD02CffD/static/chunks/213-4d9c1f3b3a745f44.js?countryCode=IN&amp
2026-07-29 01:41:55,705 [INFO] [secretfinder.py:365]: [SecretFinder JavaScript Secret Scanner] Scanning JS target: https://media.netflix.com/_next/static/dis2BKdPCyVz8yD02CffD/static/chunks/213-4d9c1f3b3a745f44.js?countryCode=IN&amp;*=_next%2Fstatic%2Fdis2BKdPCyVz8yD02CffD%2Fstatic%2Fchunks%2F213-4d9c1f3b3a745f44.js
2026-07-29 01:41:58,571 [INFO] [secretfinder.py:379]: [SecretFinder JavaScript Secret Scanner] 4 finding(s) discovered in https://media.netflix.com/_next/static/dis2BKdPCyVz8yD02CffD/static/chunks/213-4d9c1f3b3a745f44.js?countryCode=IN&amp;*=_next%2Fstatic%2Fdis2BKdPCyVz8yD02CffD%2Fstatic%2Fchunks%2F213-4d9c1f3b3a745f44.js
2026-07-29 01:41:58,571 [INFO] [secretfinder.py:365]: [SecretFinder JavaScript Secret Scanner] Scanning JS target: https://media.netflix.com/_next/static/dis2BKdPCyVz8yD02CffD/static/chunks/219-6795a6f2a7c65c5b.js
2026-07-29 01:42:00,674 [INFO] [secretfinder.py:379]: [SecretFinder JavaScript Secret Scanner] 4 finding(s) discovered in https://media.netflix.com/_next/static/dis2BKdPCyVz8yD02CffD/static/chunks/219-6795a6f2a7c65c5b.js
2026-07-29 01:42:00,674 [INFO] [secretfinder.py:365]: [SecretFinder JavaScript Secret Scanner] Scanning JS target: https://media.netflix.com/_next/static/dis2BKdPCyVz8yD02CffD/static/chunks/219-6795a6f2a7c65c5b.js?countryCode=IN&amp
2026-07-29 01:42:02,590 [INFO] [secretfinder.py:379]: [SecretFinder JavaScript Secret Scanner] 4 finding(s) discovered in https://media.netflix.com/_next/static/dis2BKdPCyVz8yD02CffD/static/chunks/219-6795a6f2a7c65c5b.js?countryCode=IN&amp
2026-07-29 01:42:02,590 [INFO] [secretfinder.py:365]: [SecretFinder JavaScript Secret Scanner] Scanning JS target: https://media.netflix.com/_next/static/dis2BKdPCyVz8yD02CffD/static/chunks/219-6795a6f2a7c65c5b.js?countryCode=IN&amp;*=_next%2Fstatic%2Fdis2BKdPCyVz8yD02CffD%2Fstatic%2Fchunks%2F219-6795a6f2a7c65c5b.js
2026-07-29 01:42:04,443 [INFO] [secretfinder.py:379]: [SecretFinder JavaScript Secret Scanner] 4 finding(s) discovered in https://media.netflix.com/_next/static/dis2BKdPCyVz8yD02CffD/static/chunks/219-6795a6f2a7c65c5b.js?countryCode=IN&amp;*=_next%2Fstatic%2Fdis2BKdPCyVz8yD02CffD%2Fstatic%2Fchunks%2F219-6795a6f2a7c65c5b.js
2026-07-29 01:42:04,444 [INFO] [secretfinder.py:365]: [SecretFinder JavaScript Secret Scanner] Scanning JS target: https://media.netflix.com/_next/static/dis2BKdPCyVz8yD02CffD/static/chunks/236-5e4de06559285774.js
2026-07-29 01:42:06,596 [INFO] [secretfinder.py:379]: [SecretFinder JavaScript Secret Scanner] 4 finding(s) discovered in https://media.netflix.com/_next/static/dis2BKdPCyVz8yD02CffD/static/chunks/236-5e4de06559285774.js
2026-07-29 01:42:06,596 [INFO] [secretfinder.py:365]: [SecretFinder JavaScript Secret Scanner] Scanning JS target: https://media.netflix.com/_next/static/dis2BKdPCyVz8yD02CffD/static/chunks/236-5e4de06559285774.js?countryCode=IN&amp
2026-07-29 01:42:08,702 [INFO] [secretfinder.py:379]: [SecretFinder JavaScript Secret Scanner] 4 finding(s) discovered in https://media.netflix.com/_next/static/dis2BKdPCyVz8yD02CffD/static/chunks/236-5e4de06559285774.js?countryCode=IN&amp
2026-07-29 01:42:08,702 [INFO] [secretfinder.py:365]: [SecretFinder JavaScript Secret Scanner] Scanning JS target: https://media.netflix.com/_next/static/dis2BKdPCyVz8yD02CffD/static/chunks/236-5e4de06559285774.js?countryCode=IN&amp;*=_next%2Fstatic%2Fdis2BKdPCyVz8yD02CffD%2Fstatic%2Fchunks%2F236-5e4de06559285774.js
2026-07-29 01:42:10,803 [INFO] [secretfinder.py:379]: [SecretFinder JavaScript Secret Scanner] 4 finding(s) discovered in https://media.netflix.com/_next/static/dis2BKdPCyVz8yD02CffD/static/chunks/236-5e4de06559285774.js?countryCode=IN&amp;*=_next%2Fstatic%2Fdis2BKdPCyVz8yD02CffD%2Fstatic%2Fchunks%2F236-5e4de06559285774.js
2026-07-29 01:42:10,804 [INFO] [secretfinder.py:365]: [SecretFinder JavaScript Secret Scanner] Scanning JS target: https://media.netflix.com/_next/static/dis2BKdPCyVz8yD02CffD/static/chunks/269-946a8ad6bf925b38.js
2026-07-29 01:42:12,882 [INFO] [secretfinder.py:379]: [SecretFinder JavaScript Secret Scanner] 4 finding(s) discovered in https://media.netflix.com/_next/static/dis2BKdPCyVz8yD02CffD/static/chunks/269-946a8ad6bf925b38.js
2026-07-29 01:42:12,882 [INFO] [secretfinder.py:365]: [SecretFinder JavaScript Secret Scanner] Scanning JS target: https://media.netflix.com/_next/static/dis2BKdPCyVz8yD02CffD/static/chunks/269-946a8ad6bf925b38.js?countryCode=IN&amp
2026-07-29 01:42:15,049 [INFO] [secretfinder.py:379]: [SecretFinder JavaScript Secret Scanner] 4 finding(s) discovered in https://media.netflix.com/_next/static/dis2BKdPCyVz8yD02CffD/static/chunks/269-946a8ad6bf925b38.js?countryCode=IN&amp
2026-07-29 01:42:15,049 [INFO] [secretfinder.py:365]: [SecretFinder JavaScript Secret Scanner] Scanning JS target: https://media.netflix.com/_next/static/dis2BKdPCyVz8yD02CffD/static/chunks/269-946a8ad6bf925b38.js?countryCode=IN&amp;*=_next%2Fstatic%2Fdis2BKdPCyVz8yD02CffD%2Fstatic%2Fchunks%2F269-946a8ad6bf925b38.js
2026-07-29 01:42:17,172 [INFO] [secretfinder.py:379]: [SecretFinder JavaScript Secret Scanner] 4 finding(s) discovered in https://media.netflix.com/_next/static/dis2BKdPCyVz8yD02CffD/static/chunks/269-946a8ad6bf925b38.js?countryCode=IN&amp;*=_next%2Fstatic%2Fdis2BKdPCyVz8yD02CffD%2Fstatic%2Fchunks%2F269-946a8ad6bf925b38.js
2026-07-29 01:42:17,172 [INFO] [secretfinder.py:365]: [SecretFinder JavaScript Secret Scanner] Scanning JS target: https://media.netflix.com/_next/static/dis2BKdPCyVz8yD02CffD/static/chunks/280-6ddb053189490c83.js
2026-07-29 01:42:19,357 [INFO] [secretfinder.py:379]: [SecretFinder JavaScript Secret Scanner] 4 finding(s) discovered in https://media.netflix.com/_next/static/dis2BKdPCyVz8yD02CffD/static/chunks/280-6ddb053189490c83.js
2026-07-29 01:42:19,357 [INFO] [secretfinder.py:365]: [SecretFinder JavaScript Secret Scanner] Scanning JS target: https://media.netflix.com/_next/static/dis2BKdPCyVz8yD02CffD/static/chunks/280-6ddb053189490c83.js?countryCode=IN&amp
2026-07-29 01:42:21,252 [INFO] [secretfinder.py:379]: [SecretFinder JavaScript Secret Scanner] 4 finding(s) discovered in https://media.netflix.com/_next/static/dis2BKdPCyVz8yD02CffD/static/chunks/280-6ddb053189490c83.js?countryCode=IN&amp
2026-07-29 01:42:21,252 [INFO] [secretfinder.py:365]: [SecretFinder JavaScript Secret Scanner] Scanning JS target: https://media.netflix.com/_next/static/dis2BKdPCyVz8yD02CffD/static/chunks/280-6ddb053189490c83.js?countryCode=IN&amp;*=_next%2Fstatic%2Fdis2BKdPCyVz8yD02CffD%2Fstatic%2Fchunks%2F280-6ddb053189490c83.js
2026-07-29 01:42:23,377 [INFO] [secretfinder.py:379]: [SecretFinder JavaScript Secret Scanner] 4 finding(s) discovered in https://media.netflix.com/_next/static/dis2BKdPCyVz8yD02CffD/static/chunks/280-6ddb053189490c83.js?countryCode=IN&amp;*=_next%2Fstatic%2Fdis2BKdPCyVz8yD02CffD%2Fstatic%2Fchunks%2F280-6ddb053189490c83.js
2026-07-29 01:42:23,377 [INFO] [secretfinder.py:365]: [SecretFinder JavaScript Secret Scanner] Scanning JS target: https://media.netflix.com/_next/static/dis2BKdPCyVz8yD02CffD/static/chunks/300-71e1b115ad6976d6.js
2026-07-29 01:42:25,476 [INFO] [secretfinder.py:379]: [SecretFinder JavaScript Secret Scanner] 4 finding(s) discovered in https://media.netflix.com/_next/static/dis2BKdPCyVz8yD02CffD/static/chunks/300-71e1b115ad6976d6.js
2026-07-29 01:42:25,476 [INFO] [secretfinder.py:365]: [SecretFinder JavaScript Secret Scanner] Scanning JS target: https://media.netflix.com/_next/static/dis2BKdPCyVz8yD02CffD/static/chunks/300-71e1b115ad6976d6.js?countryCode=IN&amp
2026-07-29 01:42:27,629 [INFO] [secretfinder.py:379]: [SecretFinder JavaScript Secret Scanner] 4 finding(s) discovered in https://media.netflix.com/_next/static/dis2BKdPCyVz8yD02CffD/static/chunks/300-71e1b115ad6976d6.js?countryCode=IN&amp
2026-07-29 01:42:27,629 [INFO] [secretfinder.py:365]: [SecretFinder JavaScript Secret Scanner] Scanning JS target: https://media.netflix.com/_next/static/dis2BKdPCyVz8yD02CffD/static/chunks/300-71e1b115ad6976d6.js?countryCode=IN&amp;*=_next%2Fstatic%2Fdis2BKdPCyVz8yD02CffD%2Fstatic%2Fchunks%2F300-71e1b115ad6976d6.js
2026-07-29 01:42:29,476 [INFO] [secretfinder.py:379]: [SecretFinder JavaScript Secret Scanner] 4 finding(s) discovered in https://media.netflix.com/_next/static/dis2BKdPCyVz8yD02CffD/static/chunks/300-71e1b115ad6976d6.js?countryCode=IN&amp;*=_next%2Fstatic%2Fdis2BKdPCyVz8yD02CffD%2Fstatic%2Fchunks%2F300-71e1b115ad6976d6.js
2026-07-29 01:42:29,477 [INFO] [secretfinder.py:365]: [SecretFinder JavaScript Secret Scanner] Scanning JS target: https://media.netflix.com/_next/static/dis2BKdPCyVz8yD02CffD/static/chunks/345-0615c307ac44e39d.js
2026-07-29 01:42:32,428 [INFO] [secretfinder.py:379]: [SecretFinder JavaScript Secret Scanner] 4 finding(s) discovered in https://media.netflix.com/_next/static/dis2BKdPCyVz8yD02CffD/static/chunks/345-0615c307ac44e39d.js
2026-07-29 01:42:32,428 [INFO] [secretfinder.py:365]: [SecretFinder JavaScript Secret Scanner] Scanning JS target: https://media.netflix.com/_next/static/dis2BKdPCyVz8yD02CffD/static/chunks/345-0615c307ac44e39d.js?countryCode=IN&amp
2026-07-29 01:42:34,552 [INFO] [secretfinder.py:379]: [SecretFinder JavaScript Secret Scanner] 4 finding(s) discovered in https://media.netflix.com/_next/static/dis2BKdPCyVz8yD02CffD/static/chunks/345-0615c307ac44e39d.js?countryCode=IN&amp
2026-07-29 01:42:34,553 [INFO] [secretfinder.py:365]: [SecretFinder JavaScript Secret Scanner] Scanning JS target: https://media.netflix.com/_next/static/dis2BKdPCyVz8yD02CffD/static/chunks/345-0615c307ac44e39d.js?countryCode=IN&amp;*=_next%2Fstatic%2Fdis2BKdPCyVz8yD02CffD%2Fstatic%2Fchunks%2F345-0615c307ac44e39d.js
2026-07-29 01:42:36,630 [INFO] [secretfinder.py:379]: [SecretFinder JavaScript Secret Scanner] 4 finding(s) discovered in https://media.netflix.com/_next/static/dis2BKdPCyVz8yD02CffD/static/chunks/345-0615c307ac44e39d.js?countryCode=IN&amp;*=_next%2Fstatic%2Fdis2BKdPCyVz8yD02CffD%2Fstatic%2Fchunks%2F345-0615c307ac44e39d.js
2026-07-29 01:42:36,630 [INFO] [secretfinder.py:365]: [SecretFinder JavaScript Secret Scanner] Scanning JS target: https://media.netflix.com/_next/static/dis2BKdPCyVz8yD02CffD/static/chunks/449-456bcecb76a9419b.js
2026-07-29 01:42:38,786 [INFO] [secretfinder.py:379]: [SecretFinder JavaScript Secret Scanner] 4 finding(s) discovered in https://media.netflix.com/_next/static/dis2BKdPCyVz8yD02CffD/static/chunks/449-456bcecb76a9419b.js
2026-07-29 01:42:38,786 [INFO] [secretfinder.py:365]: [SecretFinder JavaScript Secret Scanner] Scanning JS target: https://media.netflix.com/_next/static/dis2BKdPCyVz8yD02CffD/static/chunks/449-456bcecb76a9419b.js?countryCode=IN&amp
2026-07-29 01:42:40,613 [INFO] [secretfinder.py:379]: [SecretFinder JavaScript Secret Scanner] 4 finding(s) discovered in https://media.netflix.com/_next/static/dis2BKdPCyVz8yD02CffD/static/chunks/449-456bcecb76a9419b.js?countryCode=IN&amp
2026-07-29 01:42:40,613 [INFO] [secretfinder.py:365]: [SecretFinder JavaScript Secret Scanner] Scanning JS target: https://media.netflix.com/_next/static/dis2BKdPCyVz8yD02CffD/static/chunks/449-456bcecb76a9419b.js?countryCode=IN&amp;*=_next%2Fstatic%2Fdis2BKdPCyVz8yD02CffD%2Fstatic%2Fchunks%2F449-456bcecb76a9419b.js
2026-07-29 01:42:42,496 [INFO] [secretfinder.py:379]: [SecretFinder JavaScript Secret Scanner] 4 finding(s) discovered in https://media.netflix.com/_next/static/dis2BKdPCyVz8yD02CffD/static/chunks/449-456bcecb76a9419b.js?countryCode=IN&amp;*=_next%2Fstatic%2Fdis2BKdPCyVz8yD02CffD%2Fstatic%2Fchunks%2F449-456bcecb76a9419b.js
2026-07-29 01:42:42,496 [INFO] [secretfinder.py:365]: [SecretFinder JavaScript Secret Scanner] Scanning JS target: https://media.netflix.com/_next/static/dis2BKdPCyVz8yD02CffD/static/chunks/459-9f50698b862da313.js
2026-07-29 01:42:44,335 [INFO] [secretfinder.py:379]: [SecretFinder JavaScript Secret Scanner] 4 finding(s) discovered in https://media.netflix.com/_next/static/dis2BKdPCyVz8yD02CffD/static/chunks/459-9f50698b862da313.js
2026-07-29 01:42:44,335 [INFO] [secretfinder.py:365]: [SecretFinder JavaScript Secret Scanner] Scanning JS target: https://media.netflix.com/_next/static/dis2BKdPCyVz8yD02CffD/static/chunks/459-9f50698b862da313.js?countryCode=IN&amp
2026-07-29 01:42:46,432 [INFO] [secretfinder.py:379]: [SecretFinder JavaScript Secret Scanner] 4 finding(s) discovered in https://media.netflix.com/_next/static/dis2BKdPCyVz8yD02CffD/static/chunks/459-9f50698b862da313.js?countryCode=IN&amp
2026-07-29 01:42:46,432 [INFO] [secretfinder.py:365]: [SecretFinder JavaScript Secret Scanner] Scanning JS target: https://media.netflix.com/_next/static/dis2BKdPCyVz8yD02CffD/static/chunks/459-9f50698b862da313.js?countryCode=IN&amp;*=_next%2Fstatic%2Fdis2BKdPCyVz8yD02CffD%2Fstatic%2Fchunks%2F459-9f50698b862da313.js
2026-07-29 01:42:48,531 [INFO] [secretfinder.py:379]: [SecretFinder JavaScript Secret Scanner] 4 finding(s) discovered in https://media.netflix.com/_next/static/dis2BKdPCyVz8yD02CffD/static/chunks/459-9f50698b862da313.js?countryCode=IN&amp;*=_next%2Fstatic%2Fdis2BKdPCyVz8yD02CffD%2Fstatic%2Fchunks%2F459-9f50698b862da313.js
2026-07-29 01:42:48,531 [INFO] [secretfinder.py:365]: [SecretFinder JavaScript Secret Scanner] Scanning JS target: https://media.netflix.com/_next/static/dis2BKdPCyVz8yD02CffD/static/chunks/516-d77b45ff297cfb30.js
2026-07-29 01:42:50,659 [INFO] [secretfinder.py:379]: [SecretFinder JavaScript Secret Scanner] 4 finding(s) discovered in https://media.netflix.com/_next/static/dis2BKdPCyVz8yD02CffD/static/chunks/516-d77b45ff297cfb30.js
2026-07-29 01:42:50,659 [INFO] [secretfinder.py:365]: [SecretFinder JavaScript Secret Scanner] Scanning JS target: https://media.netflix.com/_next/static/dis2BKdPCyVz8yD02CffD/static/chunks/516-d77b45ff297cfb30.js?countryCode=IN&amp
2026-07-29 01:42:52,544 [INFO] [secretfinder.py:379]: [SecretFinder JavaScript Secret Scanner] 4 finding(s) discovered in https://media.netflix.com/_next/static/dis2BKdPCyVz8yD02CffD/static/chunks/516-d77b45ff297cfb30.js?countryCode=IN&amp
2026-07-29 01:42:52,544 [INFO] [secretfinder.py:365]: [SecretFinder JavaScript Secret Scanner] Scanning JS target: https://media.netflix.com/_next/static/dis2BKdPCyVz8yD02CffD/static/chunks/516-d77b45ff297cfb30.js?countryCode=IN&amp;*=_next%2Fstatic%2Fdis2BKdPCyVz8yD02CffD%2Fstatic%2Fchunks%2F516-d77b45ff297cfb30.js
2026-07-29 01:42:54,440 [INFO] [secretfinder.py:379]: [SecretFinder JavaScript Secret Scanner] 4 finding(s) discovered in https://media.netflix.com/_next/static/dis2BKdPCyVz8yD02CffD/static/chunks/516-d77b45ff297cfb30.js?countryCode=IN&amp;*=_next%2Fstatic%2Fdis2BKdPCyVz8yD02CffD%2Fstatic%2Fchunks%2F516-d77b45ff297cfb30.js
2026-07-29 01:42:54,440 [INFO] [secretfinder.py:365]: [SecretFinder JavaScript Secret Scanner] Scanning JS target: https://media.netflix.com/_next/static/dis2BKdPCyVz8yD02CffD/static/chunks/550-56c05694e52c7af8.js
2026-07-29 01:42:56,334 [INFO] [secretfinder.py:379]: [SecretFinder JavaScript Secret Scanner] 4 finding(s) discovered in https://media.netflix.com/_next/static/dis2BKdPCyVz8yD02CffD/static/chunks/550-56c05694e52c7af8.js
2026-07-29 01:42:56,334 [INFO] [secretfinder.py:365]: [SecretFinder JavaScript Secret Scanner] Scanning JS target: https://media.netflix.com/_next/static/dis2BKdPCyVz8yD02CffD/static/chunks/550-56c05694e52c7af8.js?countryCode=IN&amp
2026-07-29 01:42:58,259 [INFO] [secretfinder.py:379]: [SecretFinder JavaScript Secret Scanner] 4 finding(s) discovered in https://media.netflix.com/_next/static/dis2BKdPCyVz8yD02CffD/static/chunks/550-56c05694e52c7af8.js?countryCode=IN&amp
2026-07-29 01:42:58,259 [INFO] [secretfinder.py:365]: [SecretFinder JavaScript Secret Scanner] Scanning JS target: https://media.netflix.com/_next/static/dis2BKdPCyVz8yD02CffD/static/chunks/550-56c05694e52c7af8.js?countryCode=IN&amp;*=_next%2Fstatic%2Fdis2BKdPCyVz8yD02CffD%2Fstatic%2Fchunks%2F550-56c05694e52c7af8.js
2026-07-29 01:43:00,418 [INFO] [secretfinder.py:379]: [SecretFinder JavaScript Secret Scanner] 4 finding(s) discovered in https://media.netflix.com/_next/static/dis2BKdPCyVz8yD02CffD/static/chunks/550-56c05694e52c7af8.js?countryCode=IN&amp;*=_next%2Fstatic%2Fdis2BKdPCyVz8yD02CffD%2Fstatic%2Fchunks%2F550-56c05694e52c7af8.js
2026-07-29 01:43:00,418 [INFO] [secretfinder.py:365]: [SecretFinder JavaScript Secret Scanner] Scanning JS target: https://media.netflix.com/_next/static/dis2BKdPCyVz8yD02CffD/static/chunks/602-0c7177fafa81d782.js
2026-07-29 01:43:02,306 [INFO] [secretfinder.py:379]: [SecretFinder JavaScript Secret Scanner] 4 finding(s) discovered in https://media.netflix.com/_next/static/dis2BKdPCyVz8yD02CffD/static/chunks/602-0c7177fafa81d782.js
2026-07-29 01:43:02,306 [INFO] [secretfinder.py:365]: [SecretFinder JavaScript Secret Scanner] Scanning JS target: https://media.netflix.com/_next/static/dis2BKdPCyVz8yD02CffD/static/chunks/602-0c7177fafa81d782.js?countryCode=IN&amp
2026-07-29 01:43:05,165 [INFO] [secretfinder.py:379]: [SecretFinder JavaScript Secret Scanner] 4 finding(s) discovered in https://media.netflix.com/_next/static/dis2BKdPCyVz8yD02CffD/static/chunks/602-0c7177fafa81d782.js?countryCode=IN&amp
2026-07-29 01:43:05,165 [INFO] [secretfinder.py:365]: [SecretFinder JavaScript Secret Scanner] Scanning JS target: https://media.netflix.com/_next/static/dis2BKdPCyVz8yD02CffD/static/chunks/602-0c7177fafa81d782.js?countryCode=IN&amp;*=_next%2Fstatic%2Fdis2BKdPCyVz8yD02CffD%2Fstatic%2Fchunks%2F602-0c7177fafa81d782.js
2026-07-29 01:43:07,312 [INFO] [secretfinder.py:379]: [SecretFinder JavaScript Secret Scanner] 4 finding(s) discovered in https://media.netflix.com/_next/static/dis2BKdPCyVz8yD02CffD/static/chunks/602-0c7177fafa81d782.js?countryCode=IN&amp;*=_next%2Fstatic%2Fdis2BKdPCyVz8yD02CffD%2Fstatic%2Fchunks%2F602-0c7177fafa81d782.js
2026-07-29 01:43:07,313 [INFO] [secretfinder.py:365]: [SecretFinder JavaScript Secret Scanner] Scanning JS target: https://media.netflix.com/_next/static/dis2BKdPCyVz8yD02CffD/static/chunks/658-45a47801bd911c69.js
2026-07-29 01:43:09,154 [INFO] [secretfinder.py:379]: [SecretFinder JavaScript Secret Scanner] 4 finding(s) discovered in https://media.netflix.com/_next/static/dis2BKdPCyVz8yD02CffD/static/chunks/658-45a47801bd911c69.js
2026-07-29 01:43:09,155 [INFO] [secretfinder.py:365]: [SecretFinder JavaScript Secret Scanner] Scanning JS target: https://media.netflix.com/_next/static/dis2BKdPCyVz8yD02CffD/static/chunks/658-45a47801bd911c69.js?countryCode=IN&amp
2026-07-29 01:43:11,293 [INFO] [secretfinder.py:379]: [SecretFinder JavaScript Secret Scanner] 4 finding(s) discovered in https://media.netflix.com/_next/static/dis2BKdPCyVz8yD02CffD/static/chunks/658-45a47801bd911c69.js?countryCode=IN&amp
2026-07-29 01:43:11,293 [INFO] [secretfinder.py:365]: [SecretFinder JavaScript Secret Scanner] Scanning JS target: https://media.netflix.com/_next/static/dis2BKdPCyVz8yD02CffD/static/chunks/658-45a47801bd911c69.js?countryCode=IN&amp;*=_next%2Fstatic%2Fdis2BKdPCyVz8yD02CffD%2Fstatic%2Fchunks%2F658-45a47801bd911c69.js
2026-07-29 01:43:13,463 [INFO] [secretfinder.py:379]: [SecretFinder JavaScript Secret Scanner] 4 finding(s) discovered in https://media.netflix.com/_next/static/dis2BKdPCyVz8yD02CffD/static/chunks/658-45a47801bd911c69.js?countryCode=IN&amp;*=_next%2Fstatic%2Fdis2BKdPCyVz8yD02CffD%2Fstatic%2Fchunks%2F658-45a47801bd911c69.js
2026-07-29 01:43:13,463 [INFO] [secretfinder.py:365]: [SecretFinder JavaScript Secret Scanner] Scanning JS target: https://media.netflix.com/_next/static/dis2BKdPCyVz8yD02CffD/static/chunks/738-5f2a3c7ebaa46a6c.js
2026-07-29 01:43:15,330 [INFO] [secretfinder.py:379]: [SecretFinder JavaScript Secret Scanner] 4 finding(s) discovered in https://media.netflix.com/_next/static/dis2BKdPCyVz8yD02CffD/static/chunks/738-5f2a3c7ebaa46a6c.js
2026-07-29 01:43:15,330 [INFO] [secretfinder.py:365]: [SecretFinder JavaScript Secret Scanner] Scanning JS target: https://media.netflix.com/_next/static/dis2BKdPCyVz8yD02CffD/static/chunks/738-5f2a3c7ebaa46a6c.js?countryCode=IN&amp
2026-07-29 01:43:17,461 [INFO] [secretfinder.py:379]: [SecretFinder JavaScript Secret Scanner] 4 finding(s) discovered in https://media.netflix.com/_next/static/dis2BKdPCyVz8yD02CffD/static/chunks/738-5f2a3c7ebaa46a6c.js?countryCode=IN&amp
2026-07-29 01:43:17,461 [INFO] [secretfinder.py:365]: [SecretFinder JavaScript Secret Scanner] Scanning JS target: https://media.netflix.com/_next/static/dis2BKdPCyVz8yD02CffD/static/chunks/738-5f2a3c7ebaa46a6c.js?countryCode=IN&amp;*=_next%2Fstatic%2Fdis2BKdPCyVz8yD02CffD%2Fstatic%2Fchunks%2F738-5f2a3c7ebaa46a6c.js
2026-07-29 01:43:19,605 [INFO] [secretfinder.py:379]: [SecretFinder JavaScript Secret Scanner] 4 finding(s) discovered in https://media.netflix.com/_next/static/dis2BKdPCyVz8yD02CffD/static/chunks/738-5f2a3c7ebaa46a6c.js?countryCode=IN&amp;*=_next%2Fstatic%2Fdis2BKdPCyVz8yD02CffD%2Fstatic%2Fchunks%2F738-5f2a3c7ebaa46a6c.js
2026-07-29 01:43:19,606 [INFO] [secretfinder.py:365]: [SecretFinder JavaScript Secret Scanner] Scanning JS target: https://media.netflix.com/_next/static/dis2BKdPCyVz8yD02CffD/static/chunks/814-7dbc831267b56e4a.js
2026-07-29 01:43:21,480 [INFO] [secretfinder.py:379]: [SecretFinder JavaScript Secret Scanner] 4 finding(s) discovered in https://media.netflix.com/_next/static/dis2BKdPCyVz8yD02CffD/static/chunks/814-7dbc831267b56e4a.js
2026-07-29 01:43:21,480 [INFO] [secretfinder.py:365]: [SecretFinder JavaScript Secret Scanner] Scanning JS target: https://media.netflix.com/_next/static/dis2BKdPCyVz8yD02CffD/static/chunks/814-7dbc831267b56e4a.js?countryCode=IN&amp
2026-07-29 01:43:23,597 [INFO] [secretfinder.py:379]: [SecretFinder JavaScript Secret Scanner] 4 finding(s) discovered in https://media.netflix.com/_next/static/dis2BKdPCyVz8yD02CffD/static/chunks/814-7dbc831267b56e4a.js?countryCode=IN&amp
2026-07-29 01:43:23,597 [INFO] [secretfinder.py:365]: [SecretFinder JavaScript Secret Scanner] Scanning JS target: https://media.netflix.com/_next/static/dis2BKdPCyVz8yD02CffD/static/chunks/814-7dbc831267b56e4a.js?countryCode=IN&amp;*=_next%2Fstatic%2Fdis2BKdPCyVz8yD02CffD%2Fstatic%2Fchunks%2F814-7dbc831267b56e4a.js
2026-07-29 01:43:25,691 [INFO] [secretfinder.py:379]: [SecretFinder JavaScript Secret Scanner] 4 finding(s) discovered in https://media.netflix.com/_next/static/dis2BKdPCyVz8yD02CffD/static/chunks/814-7dbc831267b56e4a.js?countryCode=IN&amp;*=_next%2Fstatic%2Fdis2BKdPCyVz8yD02CffD%2Fstatic%2Fchunks%2F814-7dbc831267b56e4a.js
2026-07-29 01:43:25,691 [INFO] [secretfinder.py:365]: [SecretFinder JavaScript Secret Scanner] Scanning JS target: https://media.netflix.com/_next/static/dis2BKdPCyVz8yD02CffD/static/chunks/842-afce79e906c1e379.js
2026-07-29 01:43:27,516 [INFO] [secretfinder.py:379]: [SecretFinder JavaScript Secret Scanner] 4 finding(s) discovered in https://media.netflix.com/_next/static/dis2BKdPCyVz8yD02CffD/static/chunks/842-afce79e906c1e379.js
2026-07-29 01:43:27,516 [INFO] [secretfinder.py:365]: [SecretFinder JavaScript Secret Scanner] Scanning JS target: https://media.netflix.com/_next/static/dis2BKdPCyVz8yD02CffD/static/chunks/842-afce79e906c1e379.js?countryCode=IN&amp
2026-07-29 01:43:29,617 [INFO] [secretfinder.py:379]: [SecretFinder JavaScript Secret Scanner] 4 finding(s) discovered in https://media.netflix.com/_next/static/dis2BKdPCyVz8yD02CffD/static/chunks/842-afce79e906c1e379.js?countryCode=IN&amp
2026-07-29 01:43:29,617 [INFO] [secretfinder.py:365]: [SecretFinder JavaScript Secret Scanner] Scanning JS target: https://media.netflix.com/_next/static/dis2BKdPCyVz8yD02CffD/static/chunks/842-afce79e906c1e379.js?countryCode=IN&amp;*=_next%2Fstatic%2Fdis2BKdPCyVz8yD02CffD%2Fstatic%2Fchunks%2F842-afce79e906c1e379.js
2026-07-29 01:43:31,713 [INFO] [secretfinder.py:379]: [SecretFinder JavaScript Secret Scanner] 4 finding(s) discovered in https://media.netflix.com/_next/static/dis2BKdPCyVz8yD02CffD/static/chunks/842-afce79e906c1e379.js?countryCode=IN&amp;*=_next%2Fstatic%2Fdis2BKdPCyVz8yD02CffD%2Fstatic%2Fchunks%2F842-afce79e906c1e379.js
2026-07-29 01:43:31,713 [INFO] [secretfinder.py:365]: [SecretFinder JavaScript Secret Scanner] Scanning JS target: https://media.netflix.com/_next/static/dis2BKdPCyVz8yD02CffD/static/chunks/93865858-1a9f2e9cbfb492fc.js
2026-07-29 01:43:33,861 [INFO] [secretfinder.py:379]: [SecretFinder JavaScript Secret Scanner] 4 finding(s) discovered in https://media.netflix.com/_next/static/dis2BKdPCyVz8yD02CffD/static/chunks/93865858-1a9f2e9cbfb492fc.js
2026-07-29 01:43:33,861 [INFO] [secretfinder.py:365]: [SecretFinder JavaScript Secret Scanner] Scanning JS target: https://media.netflix.com/_next/static/dis2BKdPCyVz8yD02CffD/static/chunks/93865858-1a9f2e9cbfb492fc.js?countryCode=IN&amp
2026-07-29 01:43:36,803 [INFO] [secretfinder.py:379]: [SecretFinder JavaScript Secret Scanner] 4 finding(s) discovered in https://media.netflix.com/_next/static/dis2BKdPCyVz8yD02CffD/static/chunks/93865858-1a9f2e9cbfb492fc.js?countryCode=IN&amp
2026-07-29 01:43:36,803 [INFO] [secretfinder.py:365]: [SecretFinder JavaScript Secret Scanner] Scanning JS target: https://media.netflix.com/_next/static/dis2BKdPCyVz8yD02CffD/static/chunks/93865858-1a9f2e9cbfb492fc.js?countryCode=IN&amp;*=_next%2Fstatic%2Fdis2BKdPCyVz8yD02CffD%2Fstatic%2Fchunks%2F93865858-1a9f2e9cbfb492fc.js
2026-07-29 01:43:38,737 [INFO] [secretfinder.py:379]: [SecretFinder JavaScript Secret Scanner] 4 finding(s) discovered in https://media.netflix.com/_next/static/dis2BKdPCyVz8yD02CffD/static/chunks/93865858-1a9f2e9cbfb492fc.js?countryCode=IN&amp;*=_next%2Fstatic%2Fdis2BKdPCyVz8yD02CffD%2Fstatic%2Fchunks%2F93865858-1a9f2e9cbfb492fc.js
2026-07-29 01:43:38,738 [INFO] [secretfinder.py:365]: [SecretFinder JavaScript Secret Scanner] Scanning JS target: https://media.netflix.com/_next/static/dis2BKdPCyVz8yD02CffD/static/chunks/955-e1dce3e356870753.js
2026-07-29 01:43:40,852 [INFO] [secretfinder.py:379]: [SecretFinder JavaScript Secret Scanner] 4 finding(s) discovered in https://media.netflix.com/_next/static/dis2BKdPCyVz8yD02CffD/static/chunks/955-e1dce3e356870753.js
2026-07-29 01:43:40,852 [INFO] [secretfinder.py:365]: [SecretFinder JavaScript Secret Scanner] Scanning JS target: https://media.netflix.com/_next/static/dis2BKdPCyVz8yD02CffD/static/chunks/955-e1dce3e356870753.js?countryCode=IN&amp
2026-07-29 01:43:42,966 [INFO] [secretfinder.py:379]: [SecretFinder JavaScript Secret Scanner] 4 finding(s) discovered in https://media.netflix.com/_next/static/dis2BKdPCyVz8yD02CffD/static/chunks/955-e1dce3e356870753.js?countryCode=IN&amp
2026-07-29 01:43:42,966 [INFO] [secretfinder.py:365]: [SecretFinder JavaScript Secret Scanner] Scanning JS target: https://media.netflix.com/_next/static/dis2BKdPCyVz8yD02CffD/static/chunks/955-e1dce3e356870753.js?countryCode=IN&amp;*=_next%2Fstatic%2Fdis2BKdPCyVz8yD02CffD%2Fstatic%2Fchunks%2F955-e1dce3e356870753.js
2026-07-29 01:43:45,033 [INFO] [secretfinder.py:379]: [SecretFinder JavaScript Secret Scanner] 4 finding(s) discovered in https://media.netflix.com/_next/static/dis2BKdPCyVz8yD02CffD/static/chunks/955-e1dce3e356870753.js?countryCode=IN&amp;*=_next%2Fstatic%2Fdis2BKdPCyVz8yD02CffD%2Fstatic%2Fchunks%2F955-e1dce3e356870753.js
2026-07-29 01:43:45,033 [INFO] [secretfinder.py:365]: [SecretFinder JavaScript Secret Scanner] Scanning JS target: https://media.netflix.com/_next/static/dis2BKdPCyVz8yD02CffD/static/chunks/_next/static/dis2BKdPCyVz8yD02CffD/static/chunks/113-54612556567c5907.js
2026-07-29 01:43:46,915 [INFO] [secretfinder.py:379]: [SecretFinder JavaScript Secret Scanner] 4 finding(s) discovered in https://media.netflix.com/_next/static/dis2BKdPCyVz8yD02CffD/static/chunks/_next/static/dis2BKdPCyVz8yD02CffD/static/chunks/113-54612556567c5907.js
2026-07-29 01:43:46,915 [INFO] [secretfinder.py:365]: [SecretFinder JavaScript Secret Scanner] Scanning JS target: https://media.netflix.com/_next/static/dis2BKdPCyVz8yD02CffD/static/chunks/_next/static/dis2BKdPCyVz8yD02CffD/static/chunks/213-4d9c1f3b3a745f44.js
2026-07-29 01:43:49,043 [INFO] [secretfinder.py:379]: [SecretFinder JavaScript Secret Scanner] 4 finding(s) discovered in https://media.netflix.com/_next/static/dis2BKdPCyVz8yD02CffD/static/chunks/_next/static/dis2BKdPCyVz8yD02CffD/static/chunks/213-4d9c1f3b3a745f44.js
2026-07-29 01:43:49,043 [INFO] [secretfinder.py:365]: [SecretFinder JavaScript Secret Scanner] Scanning JS target: https://media.netflix.com/_next/static/dis2BKdPCyVz8yD02CffD/static/chunks/_next/static/dis2BKdPCyVz8yD02CffD/static/chunks/219-6795a6f2a7c65c5b.js
2026-07-29 01:43:51,121 [INFO] [secretfinder.py:379]: [SecretFinder JavaScript Secret Scanner] 4 finding(s) discovered in https://media.netflix.com/_next/static/dis2BKdPCyVz8yD02CffD/static/chunks/_next/static/dis2BKdPCyVz8yD02CffD/static/chunks/219-6795a6f2a7c65c5b.js
2026-07-29 01:43:51,122 [INFO] [secretfinder.py:365]: [SecretFinder JavaScript Secret Scanner] Scanning JS target: https://media.netflix.com/_next/static/dis2BKdPCyVz8yD02CffD/static/chunks/_next/static/dis2BKdPCyVz8yD02CffD/static/chunks/236-5e4de06559285774.js
2026-07-29 01:43:53,235 [INFO] [secretfinder.py:379]: [SecretFinder JavaScript Secret Scanner] 4 finding(s) discovered in https://media.netflix.com/_next/static/dis2BKdPCyVz8yD02CffD/static/chunks/_next/static/dis2BKdPCyVz8yD02CffD/static/chunks/236-5e4de06559285774.js
2026-07-29 01:43:53,235 [INFO] [secretfinder.py:365]: [SecretFinder JavaScript Secret Scanner] Scanning JS target: https://media.netflix.com/_next/static/dis2BKdPCyVz8yD02CffD/static/chunks/_next/static/dis2BKdPCyVz8yD02CffD/static/chunks/269-946a8ad6bf925b38.js
2026-07-29 01:43:55,104 [INFO] [secretfinder.py:379]: [SecretFinder JavaScript Secret Scanner] 4 finding(s) discovered in https://media.netflix.com/_next/static/dis2BKdPCyVz8yD02CffD/static/chunks/_next/static/dis2BKdPCyVz8yD02CffD/static/chunks/269-946a8ad6bf925b38.js
2026-07-29 01:43:55,104 [INFO] [secretfinder.py:365]: [SecretFinder JavaScript Secret Scanner] Scanning JS target: https://media.netflix.com/_next/static/dis2BKdPCyVz8yD02CffD/static/chunks/_next/static/dis2BKdPCyVz8yD02CffD/static/chunks/280-6ddb053189490c83.js
2026-07-29 01:43:56,948 [INFO] [secretfinder.py:379]: [SecretFinder JavaScript Secret Scanner] 4 finding(s) discovered in https://media.netflix.com/_next/static/dis2BKdPCyVz8yD02CffD/static/chunks/_next/static/dis2BKdPCyVz8yD02CffD/static/chunks/280-6ddb053189490c83.js
2026-07-29 01:43:56,948 [INFO] [secretfinder.py:365]: [SecretFinder JavaScript Secret Scanner] Scanning JS target: https://media.netflix.com/_next/static/dis2BKdPCyVz8yD02CffD/static/chunks/_next/static/dis2BKdPCyVz8yD02CffD/static/chunks/300-71e1b115ad6976d6.js
2026-07-29 01:43:58,790 [INFO] [secretfinder.py:379]: [SecretFinder JavaScript Secret Scanner] 4 finding(s) discovered in https://media.netflix.com/_next/static/dis2BKdPCyVz8yD02CffD/static/chunks/_next/static/dis2BKdPCyVz8yD02CffD/static/chunks/300-71e1b115ad6976d6.js
2026-07-29 01:43:58,790 [INFO] [secretfinder.py:365]: [SecretFinder JavaScript Secret Scanner] Scanning JS target: https://media.netflix.com/_next/static/dis2BKdPCyVz8yD02CffD/static/chunks/_next/static/dis2BKdPCyVz8yD02CffD/static/chunks/345-0615c307ac44e39d.js
2026-07-29 01:44:00,650 [INFO] [secretfinder.py:379]: [SecretFinder JavaScript Secret Scanner] 4 finding(s) discovered in https://media.netflix.com/_next/static/dis2BKdPCyVz8yD02CffD/static/chunks/_next/static/dis2BKdPCyVz8yD02CffD/static/chunks/345-0615c307ac44e39d.js
2026-07-29 01:44:00,650 [INFO] [secretfinder.py:365]: [SecretFinder JavaScript Secret Scanner] Scanning JS target: https://media.netflix.com/_next/static/dis2BKdPCyVz8yD02CffD/static/chunks/_next/static/dis2BKdPCyVz8yD02CffD/static/chunks/449-456bcecb76a9419b.js
2026-07-29 01:44:02,791 [INFO] [secretfinder.py:379]: [SecretFinder JavaScript Secret Scanner] 4 finding(s) discovered in https://media.netflix.com/_next/static/dis2BKdPCyVz8yD02CffD/static/chunks/_next/static/dis2BKdPCyVz8yD02CffD/static/chunks/449-456bcecb76a9419b.js
2026-07-29 01:44:02,791 [INFO] [secretfinder.py:365]: [SecretFinder JavaScript Secret Scanner] Scanning JS target: https://media.netflix.com/_next/static/dis2BKdPCyVz8yD02CffD/static/chunks/_next/static/dis2BKdPCyVz8yD02CffD/static/chunks/459-9f50698b862da313.js
2026-07-29 01:44:04,769 [INFO] [secretfinder.py:379]: [SecretFinder JavaScript Secret Scanner] 4 finding(s) discovered in https://media.netflix.com/_next/static/dis2BKdPCyVz8yD02CffD/static/chunks/_next/static/dis2BKdPCyVz8yD02CffD/static/chunks/459-9f50698b862da313.js
2026-07-29 01:44:04,769 [INFO] [secretfinder.py:365]: [SecretFinder JavaScript Secret Scanner] Scanning JS target: https://media.netflix.com/_next/static/dis2BKdPCyVz8yD02CffD/static/chunks/_next/static/dis2BKdPCyVz8yD02CffD/static/chunks/516-d77b45ff297cfb30.js
2026-07-29 01:44:06,660 [INFO] [secretfinder.py:379]: [SecretFinder JavaScript Secret Scanner] 4 finding(s) discovered in https://media.netflix.com/_next/static/dis2BKdPCyVz8yD02CffD/static/chunks/_next/static/dis2BKdPCyVz8yD02CffD/static/chunks/516-d77b45ff297cfb30.js
2026-07-29 01:44:06,660 [INFO] [secretfinder.py:365]: [SecretFinder JavaScript Secret Scanner] Scanning JS target: https://media.netflix.com/_next/static/dis2BKdPCyVz8yD02CffD/static/chunks/_next/static/dis2BKdPCyVz8yD02CffD/static/chunks/550-56c05694e52c7af8.js
2026-07-29 01:44:08,507 [INFO] [secretfinder.py:379]: [SecretFinder JavaScript Secret Scanner] 4 finding(s) discovered in https://media.netflix.com/_next/static/dis2BKdPCyVz8yD02CffD/static/chunks/_next/static/dis2BKdPCyVz8yD02CffD/static/chunks/550-56c05694e52c7af8.js
2026-07-29 01:44:08,508 [INFO] [secretfinder.py:365]: [SecretFinder JavaScript Secret Scanner] Scanning JS target: https://media.netflix.com/_next/static/dis2BKdPCyVz8yD02CffD/static/chunks/_next/static/dis2BKdPCyVz8yD02CffD/static/chunks/602-0c7177fafa81d782.js
2026-07-29 01:44:11,382 [INFO] [secretfinder.py:379]: [SecretFinder JavaScript Secret Scanner] 4 finding(s) discovered in https://media.netflix.com/_next/static/dis2BKdPCyVz8yD02CffD/static/chunks/_next/static/dis2BKdPCyVz8yD02CffD/static/chunks/602-0c7177fafa81d782.js
2026-07-29 01:44:11,382 [INFO] [secretfinder.py:365]: [SecretFinder JavaScript Secret Scanner] Scanning JS target: https://media.netflix.com/_next/static/dis2BKdPCyVz8yD02CffD/static/chunks/_next/static/dis2BKdPCyVz8yD02CffD/static/chunks/658-45a47801bd911c69.js
2026-07-29 01:44:13,553 [INFO] [secretfinder.py:379]: [SecretFinder JavaScript Secret Scanner] 4 finding(s) discovered in https://media.netflix.com/_next/static/dis2BKdPCyVz8yD02CffD/static/chunks/_next/static/dis2BKdPCyVz8yD02CffD/static/chunks/658-45a47801bd911c69.js
2026-07-29 01:44:13,553 [INFO] [secretfinder.py:365]: [SecretFinder JavaScript Secret Scanner] Scanning JS target: https://media.netflix.com/_next/static/dis2BKdPCyVz8yD02CffD/static/chunks/_next/static/dis2BKdPCyVz8yD02CffD/static/chunks/738-5f2a3c7ebaa46a6c.js
2026-07-29 01:44:15,422 [INFO] [secretfinder.py:379]: [SecretFinder JavaScript Secret Scanner] 4 finding(s) discovered in https://media.netflix.com/_next/static/dis2BKdPCyVz8yD02CffD/static/chunks/_next/static/dis2BKdPCyVz8yD02CffD/static/chunks/738-5f2a3c7ebaa46a6c.js
2026-07-29 01:44:15,422 [INFO] [secretfinder.py:365]: [SecretFinder JavaScript Secret Scanner] Scanning JS target: https://media.netflix.com/_next/static/dis2BKdPCyVz8yD02CffD/static/chunks/_next/static/dis2BKdPCyVz8yD02CffD/static/chunks/814-7dbc831267b56e4a.js
2026-07-29 01:44:17,537 [INFO] [secretfinder.py:379]: [SecretFinder JavaScript Secret Scanner] 4 finding(s) discovered in https://media.netflix.com/_next/static/dis2BKdPCyVz8yD02CffD/static/chunks/_next/static/dis2BKdPCyVz8yD02CffD/static/chunks/814-7dbc831267b56e4a.js
2026-07-29 01:44:17,537 [INFO] [secretfinder.py:365]: [SecretFinder JavaScript Secret Scanner] Scanning JS target: https://media.netflix.com/_next/static/dis2BKdPCyVz8yD02CffD/static/chunks/_next/static/dis2BKdPCyVz8yD02CffD/static/chunks/842-afce79e906c1e379.js
2026-07-29 01:44:19,442 [INFO] [secretfinder.py:379]: [SecretFinder JavaScript Secret Scanner] 4 finding(s) discovered in https://media.netflix.com/_next/static/dis2BKdPCyVz8yD02CffD/static/chunks/_next/static/dis2BKdPCyVz8yD02CffD/static/chunks/842-afce79e906c1e379.js
2026-07-29 01:44:19,443 [INFO] [secretfinder.py:365]: [SecretFinder JavaScript Secret Scanner] Scanning JS target: https://media.netflix.com/_next/static/dis2BKdPCyVz8yD02CffD/static/chunks/_next/static/dis2BKdPCyVz8yD02CffD/static/chunks/93865858-1a9f2e9cbfb492fc.js
2026-07-29 01:44:21,354 [INFO] [secretfinder.py:379]: [SecretFinder JavaScript Secret Scanner] 4 finding(s) discovered in https://media.netflix.com/_next/static/dis2BKdPCyVz8yD02CffD/static/chunks/_next/static/dis2BKdPCyVz8yD02CffD/static/chunks/93865858-1a9f2e9cbfb492fc.js
2026-07-29 01:44:21,354 [INFO] [secretfinder.py:365]: [SecretFinder JavaScript Secret Scanner] Scanning JS target: https://media.netflix.com/_next/static/dis2BKdPCyVz8yD02CffD/static/chunks/_next/static/dis2BKdPCyVz8yD02CffD/static/chunks/955-e1dce3e356870753.js
2026-07-29 01:44:23,234 [INFO] [secretfinder.py:379]: [SecretFinder JavaScript Secret Scanner] 4 finding(s) discovered in https://media.netflix.com/_next/static/dis2BKdPCyVz8yD02CffD/static/chunks/_next/static/dis2BKdPCyVz8yD02CffD/static/chunks/955-e1dce3e356870753.js
2026-07-29 01:44:23,234 [INFO] [secretfinder.py:365]: [SecretFinder JavaScript Secret Scanner] Scanning JS target: https://media.netflix.com/_next/static/dis2BKdPCyVz8yD02CffD/static/chunks/_next/static/dis2BKdPCyVz8yD02CffD/static/chunks/a29ae703-cd43c5a1bde5c24c.js
2026-07-29 01:44:25,056 [INFO] [secretfinder.py:379]: [SecretFinder JavaScript Secret Scanner] 4 finding(s) discovered in https://media.netflix.com/_next/static/dis2BKdPCyVz8yD02CffD/static/chunks/_next/static/dis2BKdPCyVz8yD02CffD/static/chunks/a29ae703-cd43c5a1bde5c24c.js
2026-07-29 01:44:25,056 [INFO] [secretfinder.py:365]: [SecretFinder JavaScript Secret Scanner] Scanning JS target: https://media.netflix.com/_next/static/dis2BKdPCyVz8yD02CffD/static/chunks/_next/static/dis2BKdPCyVz8yD02CffD/static/chunks/b7dac8a5-43f31d4c50c33dce.js
2026-07-29 01:44:27,180 [INFO] [secretfinder.py:379]: [SecretFinder JavaScript Secret Scanner] 4 finding(s) discovered in https://media.netflix.com/_next/static/dis2BKdPCyVz8yD02CffD/static/chunks/_next/static/dis2BKdPCyVz8yD02CffD/static/chunks/b7dac8a5-43f31d4c50c33dce.js
2026-07-29 01:44:27,180 [INFO] [secretfinder.py:365]: [SecretFinder JavaScript Secret Scanner] Scanning JS target: https://media.netflix.com/_next/static/dis2BKdPCyVz8yD02CffD/static/chunks/_next/static/dis2BKdPCyVz8yD02CffD/static/chunks/e999873e-2ce9cfc212871b2e.js
2026-07-29 01:44:29,069 [INFO] [secretfinder.py:379]: [SecretFinder JavaScript Secret Scanner] 4 finding(s) discovered in https://media.netflix.com/_next/static/dis2BKdPCyVz8yD02CffD/static/chunks/_next/static/dis2BKdPCyVz8yD02CffD/static/chunks/e999873e-2ce9cfc212871b2e.js
2026-07-29 01:44:29,069 [INFO] [secretfinder.py:365]: [SecretFinder JavaScript Secret Scanner] Scanning JS target: https://media.netflix.com/_next/static/dis2BKdPCyVz8yD02CffD/static/chunks/a29ae703-cd43c5a1bde5c24c.js
2026-07-29 01:44:31,269 [INFO] [secretfinder.py:379]: [SecretFinder JavaScript Secret Scanner] 4 finding(s) discovered in https://media.netflix.com/_next/static/dis2BKdPCyVz8yD02CffD/static/chunks/a29ae703-cd43c5a1bde5c24c.js
2026-07-29 01:44:31,269 [INFO] [secretfinder.py:365]: [SecretFinder JavaScript Secret Scanner] Scanning JS target: https://media.netflix.com/_next/static/dis2BKdPCyVz8yD02CffD/static/chunks/a29ae703-cd43c5a1bde5c24c.js?countryCode=IN&amp
2026-07-29 01:44:33,501 [INFO] [secretfinder.py:379]: [SecretFinder JavaScript Secret Scanner] 4 finding(s) discovered in https://media.netflix.com/_next/static/dis2BKdPCyVz8yD02CffD/static/chunks/a29ae703-cd43c5a1bde5c24c.js?countryCode=IN&amp
2026-07-29 01:44:33,501 [INFO] [secretfinder.py:365]: [SecretFinder JavaScript Secret Scanner] Scanning JS target: https://media.netflix.com/_next/static/dis2BKdPCyVz8yD02CffD/static/chunks/a29ae703-cd43c5a1bde5c24c.js?countryCode=IN&amp;*=_next%2Fstatic%2Fdis2BKdPCyVz8yD02CffD%2Fstatic%2Fchunks%2Fa29ae703-cd43c5a1bde5c24c.js
2026-07-29 01:44:35,645 [INFO] [secretfinder.py:379]: [SecretFinder JavaScript Secret Scanner] 4 finding(s) discovered in https://media.netflix.com/_next/static/dis2BKdPCyVz8yD02CffD/static/chunks/a29ae703-cd43c5a1bde5c24c.js?countryCode=IN&amp;*=_next%2Fstatic%2Fdis2BKdPCyVz8yD02CffD%2Fstatic%2Fchunks%2Fa29ae703-cd43c5a1bde5c24c.js
2026-07-29 01:44:35,645 [INFO] [secretfinder.py:365]: [SecretFinder JavaScript Secret Scanner] Scanning JS target: https://media.netflix.com/_next/static/dis2BKdPCyVz8yD02CffD/static/chunks/b7dac8a5-43f31d4c50c33dce.js
2026-07-29 01:44:37,729 [INFO] [secretfinder.py:379]: [SecretFinder JavaScript Secret Scanner] 4 finding(s) discovered in https://media.netflix.com/_next/static/dis2BKdPCyVz8yD02CffD/static/chunks/b7dac8a5-43f31d4c50c33dce.js
2026-07-29 01:44:37,729 [INFO] [secretfinder.py:365]: [SecretFinder JavaScript Secret Scanner] Scanning JS target: https://media.netflix.com/_next/static/dis2BKdPCyVz8yD02CffD/static/chunks/b7dac8a5-43f31d4c50c33dce.js?countryCode=IN&amp
2026-07-29 01:44:39,576 [INFO] [secretfinder.py:379]: [SecretFinder JavaScript Secret Scanner] 4 finding(s) discovered in https://media.netflix.com/_next/static/dis2BKdPCyVz8yD02CffD/static/chunks/b7dac8a5-43f31d4c50c33dce.js?countryCode=IN&amp
2026-07-29 01:44:39,576 [INFO] [secretfinder.py:365]: [SecretFinder JavaScript Secret Scanner] Scanning JS target: https://media.netflix.com/_next/static/dis2BKdPCyVz8yD02CffD/static/chunks/b7dac8a5-43f31d4c50c33dce.js?countryCode=IN&amp;*=_next%2Fstatic%2Fdis2BKdPCyVz8yD02CffD%2Fstatic%2Fchunks%2Fb7dac8a5-43f31d4c50c33dce.js
2026-07-29 01:44:42,501 [INFO] [secretfinder.py:379]: [SecretFinder JavaScript Secret Scanner] 4 finding(s) discovered in https://media.netflix.com/_next/static/dis2BKdPCyVz8yD02CffD/static/chunks/b7dac8a5-43f31d4c50c33dce.js?countryCode=IN&amp;*=_next%2Fstatic%2Fdis2BKdPCyVz8yD02CffD%2Fstatic%2Fchunks%2Fb7dac8a5-43f31d4c50c33dce.js
2026-07-29 01:44:42,501 [INFO] [secretfinder.py:365]: [SecretFinder JavaScript Secret Scanner] Scanning JS target: https://media.netflix.com/_next/static/dis2BKdPCyVz8yD02CffD/static/chunks/e999873e-2ce9cfc212871b2e.js
2026-07-29 01:44:44,451 [INFO] [secretfinder.py:379]: [SecretFinder JavaScript Secret Scanner] 4 finding(s) discovered in https://media.netflix.com/_next/static/dis2BKdPCyVz8yD02CffD/static/chunks/e999873e-2ce9cfc212871b2e.js
2026-07-29 01:44:44,452 [INFO] [secretfinder.py:365]: [SecretFinder JavaScript Secret Scanner] Scanning JS target: https://media.netflix.com/_next/static/dis2BKdPCyVz8yD02CffD/static/chunks/e999873e-2ce9cfc212871b2e.js?countryCode=IN&amp
2026-07-29 01:44:46,343 [INFO] [secretfinder.py:379]: [SecretFinder JavaScript Secret Scanner] 4 finding(s) discovered in https://media.netflix.com/_next/static/dis2BKdPCyVz8yD02CffD/static/chunks/e999873e-2ce9cfc212871b2e.js?countryCode=IN&amp
2026-07-29 01:44:46,344 [INFO] [secretfinder.py:365]: [SecretFinder JavaScript Secret Scanner] Scanning JS target: https://media.netflix.com/_next/static/dis2BKdPCyVz8yD02CffD/static/chunks/e999873e-2ce9cfc212871b2e.js?countryCode=IN&amp;*=_next%2Fstatic%2Fdis2BKdPCyVz8yD02CffD%2Fstatic%2Fchunks%2Fe999873e-2ce9cfc212871b2e.js
2026-07-29 01:44:48,224 [INFO] [secretfinder.py:379]: [SecretFinder JavaScript Secret Scanner] 4 finding(s) discovered in https://media.netflix.com/_next/static/dis2BKdPCyVz8yD02CffD/static/chunks/e999873e-2ce9cfc212871b2e.js?countryCode=IN&amp;*=_next%2Fstatic%2Fdis2BKdPCyVz8yD02CffD%2Fstatic%2Fchunks%2Fe999873e-2ce9cfc212871b2e.js
2026-07-29 01:44:48,224 [INFO] [secretfinder.py:365]: [SecretFinder JavaScript Secret Scanner] Scanning JS target: https://media.netflix.com/_next/static/dis2BKdPCyVz8yD02CffD/static/chunks/pages/_error-70b1f584e630e8dc.js
2026-07-29 01:44:50,061 [INFO] [secretfinder.py:379]: [SecretFinder JavaScript Secret Scanner] 4 finding(s) discovered in https://media.netflix.com/_next/static/dis2BKdPCyVz8yD02CffD/static/chunks/pages/_error-70b1f584e630e8dc.js
2026-07-29 01:44:50,061 [INFO] [secretfinder.py:365]: [SecretFinder JavaScript Secret Scanner] Scanning JS target: https://media.netflix.com/_next/static/dis2BKdPCyVz8yD02CffD/static/chunks/pages/_error-70b1f584e630e8dc.js?countryCode=IN&amp
2026-07-29 01:44:52,152 [INFO] [secretfinder.py:379]: [SecretFinder JavaScript Secret Scanner] 4 finding(s) discovered in https://media.netflix.com/_next/static/dis2BKdPCyVz8yD02CffD/static/chunks/pages/_error-70b1f584e630e8dc.js?countryCode=IN&amp
2026-07-29 01:44:52,152 [INFO] [secretfinder.py:365]: [SecretFinder JavaScript Secret Scanner] Scanning JS target: https://media.netflix.com/_next/static/dis2BKdPCyVz8yD02CffD/static/chunks/pages/_error-70b1f584e630e8dc.js?countryCode=IN&amp;*=_next%2Fstatic%2Fdis2BKdPCyVz8yD02CffD%2Fstatic%2Fchunks%2Fpages%2F_error-70b1f584e630e8dc.js
2026-07-29 01:44:54,070 [INFO] [secretfinder.py:379]: [SecretFinder JavaScript Secret Scanner] 4 finding(s) discovered in https://media.netflix.com/_next/static/dis2BKdPCyVz8yD02CffD/static/chunks/pages/_error-70b1f584e630e8dc.js?countryCode=IN&amp;*=_next%2Fstatic%2Fdis2BKdPCyVz8yD02CffD%2Fstatic%2Fchunks%2Fpages%2F_error-70b1f584e630e8dc.js
2026-07-29 01:44:54,070 [INFO] [secretfinder.py:365]: [SecretFinder JavaScript Secret Scanner] Scanning JS target: https://media.netflix.com/_next/static/dis2BKdPCyVz8yD02CffD/static/chunks/pages/_next/static/dis2BKdPCyVz8yD02CffD/static/chunks/pages/_error-70b1f584e630e8dc.js
2026-07-29 01:44:56,251 [INFO] [secretfinder.py:379]: [SecretFinder JavaScript Secret Scanner] 4 finding(s) discovered in https://media.netflix.com/_next/static/dis2BKdPCyVz8yD02CffD/static/chunks/pages/_next/static/dis2BKdPCyVz8yD02CffD/static/chunks/pages/_error-70b1f584e630e8dc.js
2026-07-29 01:44:56,251 [INFO] [secretfinder.py:365]: [SecretFinder JavaScript Secret Scanner] Scanning JS target: https://media.netflix.com/_next/static/dis2BKdPCyVz8yD02CffD/static/chunks/pages/_next/static/dis2BKdPCyVz8yD02CffD/static/chunks/pages/account-bfc755b404055607.js
2026-07-29 01:44:58,100 [INFO] [secretfinder.py:379]: [SecretFinder JavaScript Secret Scanner] 4 finding(s) discovered in https://media.netflix.com/_next/static/dis2BKdPCyVz8yD02CffD/static/chunks/pages/_next/static/dis2BKdPCyVz8yD02CffD/static/chunks/pages/account-bfc755b404055607.js
2026-07-29 01:44:58,101 [INFO] [secretfinder.py:365]: [SecretFinder JavaScript Secret Scanner] Scanning JS target: https://media.netflix.com/_next/static/dis2BKdPCyVz8yD02CffD/static/chunks/pages/_next/static/dis2BKdPCyVz8yD02CffD/static/chunks/pages/apply-b8b8724000a8352e.js
2026-07-29 01:45:00,245 [INFO] [secretfinder.py:379]: [SecretFinder JavaScript Secret Scanner] 4 finding(s) discovered in https://media.netflix.com/_next/static/dis2BKdPCyVz8yD02CffD/static/chunks/pages/_next/static/dis2BKdPCyVz8yD02CffD/static/chunks/pages/apply-b8b8724000a8352e.js
2026-07-29 01:45:00,245 [INFO] [secretfinder.py:365]: [SecretFinder JavaScript Secret Scanner] Scanning JS target: https://media.netflix.com/_next/static/dis2BKdPCyVz8yD02CffD/static/chunks/pages/_next/static/dis2BKdPCyVz8yD02CffD/static/chunks/pages/contact-us-9fe19f63d9c28706.js
2026-07-29 01:45:02,351 [INFO] [secretfinder.py:379]: [SecretFinder JavaScript Secret Scanner] 4 finding(s) discovered in https://media.netflix.com/_next/static/dis2BKdPCyVz8yD02CffD/static/chunks/pages/_next/static/dis2BKdPCyVz8yD02CffD/static/chunks/pages/contact-us-9fe19f63d9c28706.js
2026-07-29 01:45:02,352 [INFO] [secretfinder.py:365]: [SecretFinder JavaScript Secret Scanner] Scanning JS target: https://media.netflix.com/_next/static/dis2BKdPCyVz8yD02CffD/static/chunks/pages/_next/static/dis2BKdPCyVz8yD02CffD/static/chunks/pages/index-b865a6e0b265e98b.js
2026-07-29 01:45:04,449 [INFO] [secretfinder.py:379]: [SecretFinder JavaScript Secret Scanner] 4 finding(s) discovered in https://media.netflix.com/_next/static/dis2BKdPCyVz8yD02CffD/static/chunks/pages/_next/static/dis2BKdPCyVz8yD02CffD/static/chunks/pages/index-b865a6e0b265e98b.js
2026-07-29 01:45:04,450 [INFO] [secretfinder.py:365]: [SecretFinder JavaScript Secret Scanner] Scanning JS target: https://media.netflix.com/_next/static/dis2BKdPCyVz8yD02CffD/static/chunks/pages/_next/static/dis2BKdPCyVz8yD02CffD/static/chunks/pages/my-screeners-a8677ca00216cdf3.js
2026-07-29 01:45:06,312 [INFO] [secretfinder.py:379]: [SecretFinder JavaScript Secret Scanner] 4 finding(s) discovered in https://media.netflix.com/_next/static/dis2BKdPCyVz8yD02CffD/static/chunks/pages/_next/static/dis2BKdPCyVz8yD02CffD/static/chunks/pages/my-screeners-a8677ca00216cdf3.js
2026-07-29 01:45:06,313 [INFO] [secretfinder.py:365]: [SecretFinder JavaScript Secret Scanner] Scanning JS target: https://media.netflix.com/_next/static/dis2BKdPCyVz8yD02CffD/static/chunks/pages/_next/static/dis2BKdPCyVz8yD02CffD/static/chunks/pages/search-8a96c39cf6d2415b.js
2026-07-29 01:45:08,391 [INFO] [secretfinder.py:379]: [SecretFinder JavaScript Secret Scanner] 4 finding(s) discovered in https://media.netflix.com/_next/static/dis2BKdPCyVz8yD02CffD/static/chunks/pages/_next/static/dis2BKdPCyVz8yD02CffD/static/chunks/pages/search-8a96c39cf6d2415b.js
2026-07-29 01:45:08,391 [INFO] [secretfinder.py:365]: [SecretFinder JavaScript Secret Scanner] Scanning JS target: https://media.netflix.com/_next/static/dis2BKdPCyVz8yD02CffD/static/chunks/pages/_next/static/dis2BKdPCyVz8yD02CffD/static/chunks/pages/setup-screeners-676428adc99f0169.js
2026-07-29 01:45:10,466 [INFO] [secretfinder.py:379]: [SecretFinder JavaScript Secret Scanner] 4 finding(s) discovered in https://media.netflix.com/_next/static/dis2BKdPCyVz8yD02CffD/static/chunks/pages/_next/static/dis2BKdPCyVz8yD02CffD/static/chunks/pages/setup-screeners-676428adc99f0169.js
2026-07-29 01:45:10,467 [INFO] [secretfinder.py:365]: [SecretFinder JavaScript Secret Scanner] Scanning JS target: https://media.netflix.com/_next/static/dis2BKdPCyVz8yD02CffD/static/chunks/pages/_next/static/dis2BKdPCyVz8yD02CffD/static/chunks/pages/site-unavailable-e41748134bf5eff3.js
2026-07-29 01:45:12,392 [INFO] [secretfinder.py:379]: [SecretFinder JavaScript Secret Scanner] 4 finding(s) discovered in https://media.netflix.com/_next/static/dis2BKdPCyVz8yD02CffD/static/chunks/pages/_next/static/dis2BKdPCyVz8yD02CffD/static/chunks/pages/site-unavailable-e41748134bf5eff3.js
2026-07-29 01:45:12,393 [INFO] [secretfinder.py:365]: [SecretFinder JavaScript Secret Scanner] Scanning JS target: https://media.netflix.com/_next/static/dis2BKdPCyVz8yD02CffD/static/chunks/pages/_next/static/dis2BKdPCyVz8yD02CffD/static/chunks/pages/welcome-6cb9ea8120dcb2c0.js
2026-07-29 01:45:14,483 [INFO] [secretfinder.py:379]: [SecretFinder JavaScript Secret Scanner] 4 finding(s) discovered in https://media.netflix.com/_next/static/dis2BKdPCyVz8yD02CffD/static/chunks/pages/_next/static/dis2BKdPCyVz8yD02CffD/static/chunks/pages/welcome-6cb9ea8120dcb2c0.js
2026-07-29 01:45:14,483 [INFO] [secretfinder.py:365]: [SecretFinder JavaScript Secret Scanner] Scanning JS target: https://media.netflix.com/_next/static/dis2BKdPCyVz8yD02CffD/static/chunks/pages/account-bfc755b404055607.js
2026-07-29 01:45:17,469 [INFO] [secretfinder.py:379]: [SecretFinder JavaScript Secret Scanner] 4 finding(s) discovered in https://media.netflix.com/_next/static/dis2BKdPCyVz8yD02CffD/static/chunks/pages/account-bfc755b404055607.js
2026-07-29 01:45:17,469 [INFO] [secretfinder.py:365]: [SecretFinder JavaScript Secret Scanner] Scanning JS target: https://media.netflix.com/_next/static/dis2BKdPCyVz8yD02CffD/static/chunks/pages/account-bfc755b404055607.js?countryCode=IN&amp
2026-07-29 01:45:19,568 [INFO] [secretfinder.py:379]: [SecretFinder JavaScript Secret Scanner] 4 finding(s) discovered in https://media.netflix.com/_next/static/dis2BKdPCyVz8yD02CffD/static/chunks/pages/account-bfc755b404055607.js?countryCode=IN&amp
2026-07-29 01:45:19,568 [INFO] [secretfinder.py:365]: [SecretFinder JavaScript Secret Scanner] Scanning JS target: https://media.netflix.com/_next/static/dis2BKdPCyVz8yD02CffD/static/chunks/pages/account-bfc755b404055607.js?countryCode=IN&amp;*=_next%2Fstatic%2Fdis2BKdPCyVz8yD02CffD%2Fstatic%2Fchunks%2Fpages%2Faccount-bfc755b404055607.js
2026-07-29 01:45:21,718 [INFO] [secretfinder.py:379]: [SecretFinder JavaScript Secret Scanner] 4 finding(s) discovered in https://media.netflix.com/_next/static/dis2BKdPCyVz8yD02CffD/static/chunks/pages/account-bfc755b404055607.js?countryCode=IN&amp;*=_next%2Fstatic%2Fdis2BKdPCyVz8yD02CffD%2Fstatic%2Fchunks%2Fpages%2Faccount-bfc755b404055607.js
2026-07-29 01:45:21,718 [INFO] [secretfinder.py:365]: [SecretFinder JavaScript Secret Scanner] Scanning JS target: https://media.netflix.com/_next/static/dis2BKdPCyVz8yD02CffD/static/chunks/pages/apply-b8b8724000a8352e.js
2026-07-29 01:45:23,890 [INFO] [secretfinder.py:379]: [SecretFinder JavaScript Secret Scanner] 4 finding(s) discovered in https://media.netflix.com/_next/static/dis2BKdPCyVz8yD02CffD/static/chunks/pages/apply-b8b8724000a8352e.js
2026-07-29 01:45:23,890 [INFO] [secretfinder.py:365]: [SecretFinder JavaScript Secret Scanner] Scanning JS target: https://media.netflix.com/_next/static/dis2BKdPCyVz8yD02CffD/static/chunks/pages/apply-b8b8724000a8352e.js?countryCode=IN&amp
2026-07-29 01:45:25,991 [INFO] [secretfinder.py:379]: [SecretFinder JavaScript Secret Scanner] 4 finding(s) discovered in https://media.netflix.com/_next/static/dis2BKdPCyVz8yD02CffD/static/chunks/pages/apply-b8b8724000a8352e.js?countryCode=IN&amp
2026-07-29 01:45:25,991 [INFO] [secretfinder.py:365]: [SecretFinder JavaScript Secret Scanner] Scanning JS target: https://media.netflix.com/_next/static/dis2BKdPCyVz8yD02CffD/static/chunks/pages/apply-b8b8724000a8352e.js?countryCode=IN&amp;*=_next%2Fstatic%2Fdis2BKdPCyVz8yD02CffD%2Fstatic%2Fchunks%2Fpages%2Fapply-b8b8724000a8352e.js
2026-07-29 01:45:28,077 [INFO] [secretfinder.py:379]: [SecretFinder JavaScript Secret Scanner] 4 finding(s) discovered in https://media.netflix.com/_next/static/dis2BKdPCyVz8yD02CffD/static/chunks/pages/apply-b8b8724000a8352e.js?countryCode=IN&amp;*=_next%2Fstatic%2Fdis2BKdPCyVz8yD02CffD%2Fstatic%2Fchunks%2Fpages%2Fapply-b8b8724000a8352e.js
2026-07-29 01:45:28,078 [INFO] [secretfinder.py:365]: [SecretFinder JavaScript Secret Scanner] Scanning JS target: https://media.netflix.com/_next/static/dis2BKdPCyVz8yD02CffD/static/chunks/pages/contact-us-9fe19f63d9c28706.js
2026-07-29 01:45:30,241 [INFO] [secretfinder.py:379]: [SecretFinder JavaScript Secret Scanner] 4 finding(s) discovered in https://media.netflix.com/_next/static/dis2BKdPCyVz8yD02CffD/static/chunks/pages/contact-us-9fe19f63d9c28706.js
2026-07-29 01:45:30,241 [INFO] [secretfinder.py:365]: [SecretFinder JavaScript Secret Scanner] Scanning JS target: https://media.netflix.com/_next/static/dis2BKdPCyVz8yD02CffD/static/chunks/pages/contact-us-9fe19f63d9c28706.js?countryCode=IN&amp
2026-07-29 01:45:32,068 [INFO] [secretfinder.py:379]: [SecretFinder JavaScript Secret Scanner] 4 finding(s) discovered in https://media.netflix.com/_next/static/dis2BKdPCyVz8yD02CffD/static/chunks/pages/contact-us-9fe19f63d9c28706.js?countryCode=IN&amp
2026-07-29 01:45:32,068 [INFO] [secretfinder.py:365]: [SecretFinder JavaScript Secret Scanner] Scanning JS target: https://media.netflix.com/_next/static/dis2BKdPCyVz8yD02CffD/static/chunks/pages/contact-us-9fe19f63d9c28706.js?countryCode=IN&amp;*=_next%2Fstatic%2Fdis2BKdPCyVz8yD02CffD%2Fstatic%2Fchunks%2Fpages%2Fcontact-us-9fe19f63d9c28706.js
2026-07-29 01:45:34,177 [INFO] [secretfinder.py:379]: [SecretFinder JavaScript Secret Scanner] 4 finding(s) discovered in https://media.netflix.com/_next/static/dis2BKdPCyVz8yD02CffD/static/chunks/pages/contact-us-9fe19f63d9c28706.js?countryCode=IN&amp;*=_next%2Fstatic%2Fdis2BKdPCyVz8yD02CffD%2Fstatic%2Fchunks%2Fpages%2Fcontact-us-9fe19f63d9c28706.js
2026-07-29 01:45:34,177 [INFO] [secretfinder.py:365]: [SecretFinder JavaScript Secret Scanner] Scanning JS target: https://media.netflix.com/_next/static/dis2BKdPCyVz8yD02CffD/static/chunks/pages/index-b865a6e0b265e98b.js
2026-07-29 01:45:36,030 [INFO] [secretfinder.py:379]: [SecretFinder JavaScript Secret Scanner] 4 finding(s) discovered in https://media.netflix.com/_next/static/dis2BKdPCyVz8yD02CffD/static/chunks/pages/index-b865a6e0b265e98b.js
2026-07-29 01:45:36,030 [INFO] [secretfinder.py:365]: [SecretFinder JavaScript Secret Scanner] Scanning JS target: https://media.netflix.com/_next/static/dis2BKdPCyVz8yD02CffD/static/chunks/pages/index-b865a6e0b265e98b.js?countryCode=IN&amp
2026-07-29 01:45:38,107 [INFO] [secretfinder.py:379]: [SecretFinder JavaScript Secret Scanner] 4 finding(s) discovered in https://media.netflix.com/_next/static/dis2BKdPCyVz8yD02CffD/static/chunks/pages/index-b865a6e0b265e98b.js?countryCode=IN&amp
2026-07-29 01:45:38,107 [INFO] [secretfinder.py:365]: [SecretFinder JavaScript Secret Scanner] Scanning JS target: https://media.netflix.com/_next/static/dis2BKdPCyVz8yD02CffD/static/chunks/pages/index-b865a6e0b265e98b.js?countryCode=IN&amp;*=_next%2Fstatic%2Fdis2BKdPCyVz8yD02CffD%2Fstatic%2Fchunks%2Fpages%2Findex-b865a6e0b265e98b.js
2026-07-29 01:45:40,267 [INFO] [secretfinder.py:379]: [SecretFinder JavaScript Secret Scanner] 4 finding(s) discovered in https://media.netflix.com/_next/static/dis2BKdPCyVz8yD02CffD/static/chunks/pages/index-b865a6e0b265e98b.js?countryCode=IN&amp;*=_next%2Fstatic%2Fdis2BKdPCyVz8yD02CffD%2Fstatic%2Fchunks%2Fpages%2Findex-b865a6e0b265e98b.js
2026-07-29 01:45:40,267 [INFO] [secretfinder.py:365]: [SecretFinder JavaScript Secret Scanner] Scanning JS target: https://media.netflix.com/_next/static/dis2BKdPCyVz8yD02CffD/static/chunks/pages/my-screeners-a8677ca00216cdf3.js
2026-07-29 01:45:42,115 [INFO] [secretfinder.py:379]: [SecretFinder JavaScript Secret Scanner] 4 finding(s) discovered in https://media.netflix.com/_next/static/dis2BKdPCyVz8yD02CffD/static/chunks/pages/my-screeners-a8677ca00216cdf3.js
2026-07-29 01:45:42,115 [INFO] [secretfinder.py:365]: [SecretFinder JavaScript Secret Scanner] Scanning JS target: https://media.netflix.com/_next/static/dis2BKdPCyVz8yD02CffD/static/chunks/pages/my-screeners-a8677ca00216cdf3.js?countryCode=IN&amp
2026-07-29 01:45:43,976 [INFO] [secretfinder.py:379]: [SecretFinder JavaScript Secret Scanner] 4 finding(s) discovered in https://media.netflix.com/_next/static/dis2BKdPCyVz8yD02CffD/static/chunks/pages/my-screeners-a8677ca00216cdf3.js?countryCode=IN&amp
2026-07-29 01:45:43,976 [INFO] [secretfinder.py:365]: [SecretFinder JavaScript Secret Scanner] Scanning JS target: https://media.netflix.com/_next/static/dis2BKdPCyVz8yD02CffD/static/chunks/pages/my-screeners-a8677ca00216cdf3.js?countryCode=IN&amp;*=_next%2Fstatic%2Fdis2BKdPCyVz8yD02CffD%2Fstatic%2Fchunks%2Fpages%2Fmy-screeners-a8677ca00216cdf3.js
2026-07-29 01:45:45,836 [INFO] [secretfinder.py:379]: [SecretFinder JavaScript Secret Scanner] 4 finding(s) discovered in https://media.netflix.com/_next/static/dis2BKdPCyVz8yD02CffD/static/chunks/pages/my-screeners-a8677ca00216cdf3.js?countryCode=IN&amp;*=_next%2Fstatic%2Fdis2BKdPCyVz8yD02CffD%2Fstatic%2Fchunks%2Fpages%2Fmy-screeners-a8677ca00216cdf3.js
2026-07-29 01:45:45,836 [INFO] [secretfinder.py:365]: [SecretFinder JavaScript Secret Scanner] Scanning JS target: https://media.netflix.com/_next/static/dis2BKdPCyVz8yD02CffD/static/chunks/pages/search-8a96c39cf6d2415b.js
2026-07-29 01:45:48,572 [INFO] [secretfinder.py:379]: [SecretFinder JavaScript Secret Scanner] 4 finding(s) discovered in https://media.netflix.com/_next/static/dis2BKdPCyVz8yD02CffD/static/chunks/pages/search-8a96c39cf6d2415b.js
2026-07-29 01:45:48,572 [INFO] [secretfinder.py:365]: [SecretFinder JavaScript Secret Scanner] Scanning JS target: https://media.netflix.com/_next/static/dis2BKdPCyVz8yD02CffD/static/chunks/pages/search-8a96c39cf6d2415b.js?countryCode=IN&amp
2026-07-29 01:45:50,741 [INFO] [secretfinder.py:379]: [SecretFinder JavaScript Secret Scanner] 4 finding(s) discovered in https://media.netflix.com/_next/static/dis2BKdPCyVz8yD02CffD/static/chunks/pages/search-8a96c39cf6d2415b.js?countryCode=IN&amp
2026-07-29 01:45:50,741 [INFO] [secretfinder.py:365]: [SecretFinder JavaScript Secret Scanner] Scanning JS target: https://media.netflix.com/_next/static/dis2BKdPCyVz8yD02CffD/static/chunks/pages/search-8a96c39cf6d2415b.js?countryCode=IN&amp;*=_next%2Fstatic%2Fdis2BKdPCyVz8yD02CffD%2Fstatic%2Fchunks%2Fpages%2Fsearch-8a96c39cf6d2415b.js
2026-07-29 01:45:52,814 [INFO] [secretfinder.py:379]: [SecretFinder JavaScript Secret Scanner] 4 finding(s) discovered in https://media.netflix.com/_next/static/dis2BKdPCyVz8yD02CffD/static/chunks/pages/search-8a96c39cf6d2415b.js?countryCode=IN&amp;*=_next%2Fstatic%2Fdis2BKdPCyVz8yD02CffD%2Fstatic%2Fchunks%2Fpages%2Fsearch-8a96c39cf6d2415b.js
2026-07-29 01:45:52,814 [INFO] [secretfinder.py:365]: [SecretFinder JavaScript Secret Scanner] Scanning JS target: https://media.netflix.com/_next/static/dis2BKdPCyVz8yD02CffD/static/chunks/pages/setup-screeners-676428adc99f0169.js
2026-07-29 01:45:54,681 [INFO] [secretfinder.py:379]: [SecretFinder JavaScript Secret Scanner] 4 finding(s) discovered in https://media.netflix.com/_next/static/dis2BKdPCyVz8yD02CffD/static/chunks/pages/setup-screeners-676428adc99f0169.js
2026-07-29 01:45:54,681 [INFO] [secretfinder.py:365]: [SecretFinder JavaScript Secret Scanner] Scanning JS target: https://media.netflix.com/_next/static/dis2BKdPCyVz8yD02CffD/static/chunks/pages/setup-screeners-676428adc99f0169.js?countryCode=IN&amp
2026-07-29 01:45:56,771 [INFO] [secretfinder.py:379]: [SecretFinder JavaScript Secret Scanner] 4 finding(s) discovered in https://media.netflix.com/_next/static/dis2BKdPCyVz8yD02CffD/static/chunks/pages/setup-screeners-676428adc99f0169.js?countryCode=IN&amp
2026-07-29 01:45:56,771 [INFO] [secretfinder.py:365]: [SecretFinder JavaScript Secret Scanner] Scanning JS target: https://media.netflix.com/_next/static/dis2BKdPCyVz8yD02CffD/static/chunks/pages/setup-screeners-676428adc99f0169.js?countryCode=IN&amp;*=_next%2Fstatic%2Fdis2BKdPCyVz8yD02CffD%2Fstatic%2Fchunks%2Fpages%2Fsetup-screeners-676428adc99f0169.js
2026-07-29 01:45:58,644 [INFO] [secretfinder.py:379]: [SecretFinder JavaScript Secret Scanner] 4 finding(s) discovered in https://media.netflix.com/_next/static/dis2BKdPCyVz8yD02CffD/static/chunks/pages/setup-screeners-676428adc99f0169.js?countryCode=IN&amp;*=_next%2Fstatic%2Fdis2BKdPCyVz8yD02CffD%2Fstatic%2Fchunks%2Fpages%2Fsetup-screeners-676428adc99f0169.js
2026-07-29 01:45:58,644 [INFO] [secretfinder.py:365]: [SecretFinder JavaScript Secret Scanner] Scanning JS target: https://media.netflix.com/_next/static/dis2BKdPCyVz8yD02CffD/static/chunks/pages/site-unavailable-e41748134bf5eff3.js
2026-07-29 01:46:00,759 [INFO] [secretfinder.py:379]: [SecretFinder JavaScript Secret Scanner] 4 finding(s) discovered in https://media.netflix.com/_next/static/dis2BKdPCyVz8yD02CffD/static/chunks/pages/site-unavailable-e41748134bf5eff3.js
2026-07-29 01:46:00,759 [INFO] [secretfinder.py:365]: [SecretFinder JavaScript Secret Scanner] Scanning JS target: https://media.netflix.com/_next/static/dis2BKdPCyVz8yD02CffD/static/chunks/pages/site-unavailable-e41748134bf5eff3.js?countryCode=IN&amp
2026-07-29 01:46:02,622 [INFO] [secretfinder.py:379]: [SecretFinder JavaScript Secret Scanner] 4 finding(s) discovered in https://media.netflix.com/_next/static/dis2BKdPCyVz8yD02CffD/static/chunks/pages/site-unavailable-e41748134bf5eff3.js?countryCode=IN&amp
2026-07-29 01:46:02,622 [INFO] [secretfinder.py:365]: [SecretFinder JavaScript Secret Scanner] Scanning JS target: https://media.netflix.com/_next/static/dis2BKdPCyVz8yD02CffD/static/chunks/pages/site-unavailable-e41748134bf5eff3.js?countryCode=IN&amp;*=_next%2Fstatic%2Fdis2BKdPCyVz8yD02CffD%2Fstatic%2Fchunks%2Fpages%2Fsite-unavailable-e41748134bf5eff3.js
2026-07-29 01:46:04,740 [INFO] [secretfinder.py:379]: [SecretFinder JavaScript Secret Scanner] 4 finding(s) discovered in https://media.netflix.com/_next/static/dis2BKdPCyVz8yD02CffD/static/chunks/pages/site-unavailable-e41748134bf5eff3.js?countryCode=IN&amp;*=_next%2Fstatic%2Fdis2BKdPCyVz8yD02CffD%2Fstatic%2Fchunks%2Fpages%2Fsite-unavailable-e41748134bf5eff3.js
2026-07-29 01:46:04,740 [INFO] [secretfinder.py:365]: [SecretFinder JavaScript Secret Scanner] Scanning JS target: https://media.netflix.com/_next/static/dis2BKdPCyVz8yD02CffD/static/chunks/pages/welcome-6cb9ea8120dcb2c0.js
2026-07-29 01:46:06,846 [INFO] [secretfinder.py:379]: [SecretFinder JavaScript Secret Scanner] 4 finding(s) discovered in https://media.netflix.com/_next/static/dis2BKdPCyVz8yD02CffD/static/chunks/pages/welcome-6cb9ea8120dcb2c0.js
2026-07-29 01:46:06,846 [INFO] [secretfinder.py:365]: [SecretFinder JavaScript Secret Scanner] Scanning JS target: https://media.netflix.com/_next/static/dis2BKdPCyVz8yD02CffD/static/chunks/pages/welcome-6cb9ea8120dcb2c0.js?countryCode=IN&amp
2026-07-29 01:46:08,727 [INFO] [secretfinder.py:379]: [SecretFinder JavaScript Secret Scanner] 4 finding(s) discovered in https://media.netflix.com/_next/static/dis2BKdPCyVz8yD02CffD/static/chunks/pages/welcome-6cb9ea8120dcb2c0.js?countryCode=IN&amp
2026-07-29 01:46:08,727 [INFO] [secretfinder.py:365]: [SecretFinder JavaScript Secret Scanner] Scanning JS target: https://media.netflix.com/_next/static/dis2BKdPCyVz8yD02CffD/static/chunks/pages/welcome-6cb9ea8120dcb2c0.js?countryCode=IN&amp;*=_next%2Fstatic%2Fdis2BKdPCyVz8yD02CffD%2Fstatic%2Fchunks%2Fpages%2Fwelcome-6cb9ea8120dcb2c0.js
2026-07-29 01:46:10,872 [INFO] [secretfinder.py:379]: [SecretFinder JavaScript Secret Scanner] 4 finding(s) discovered in https://media.netflix.com/_next/static/dis2BKdPCyVz8yD02CffD/static/chunks/pages/welcome-6cb9ea8120dcb2c0.js?countryCode=IN&amp;*=_next%2Fstatic%2Fdis2BKdPCyVz8yD02CffD%2Fstatic%2Fchunks%2Fpages%2Fwelcome-6cb9ea8120dcb2c0.js
2026-07-29 01:46:10,872 [INFO] [secretfinder.py:365]: [SecretFinder JavaScript Secret Scanner] Scanning JS target: https://media.netflix.com/assets-4608d83c5057a283.js
2026-07-29 01:46:12,411 [INFO] [secretfinder.py:365]: [SecretFinder JavaScript Secret Scanner] Scanning JS target: https://media.netflix.com/included-titles-9b597b72fe3c97a2.js
2026-07-29 01:46:13,932 [INFO] [secretfinder.py:365]: [SecretFinder JavaScript Secret Scanner] Scanning JS target: https://platform.twitter.com/widgets.js
2026-07-29 01:46:14,244 [INFO] [secretfinder.py:365]: [SecretFinder JavaScript Secret Scanner] Scanning JS target: https://static.chartbeat.com/js/chartbeat_video.js
2026-07-29 01:46:14,868 [INFO] [secretfinder.py:365]: [SecretFinder JavaScript Secret Scanner] Scanning JS target: https://www.google-analytics.com/analytics.js
2026-07-29 01:46:15,363 [INFO] [secretfinder.py:379]: [SecretFinder JavaScript Secret Scanner] 1 finding(s) discovered in https://www.google-analytics.com/analytics.js
2026-07-29 01:46:15,388 [INFO] [secretfinder.py:527]: [SecretFinder JavaScript Secret Scanner] Secrets JSON saved to: /home/kali/Desktop/secure-site-scan-main/reports/netflix.com/secrets.json
2026-07-29 01:46:15,388 [INFO] [secretfinder.py:393]: [SecretFinder JavaScript Secret Scanner] Scan complete — JS targets: 392 total / 392 scanned / 0 failed | Unique findings: 1898
2026-07-29 01:46:15,416 [INFO] [runner.py:40]: --> Running module: TestSSL
2026-07-29 01:46:15,416 [INFO] [scanners.py:114]: Running [TestSSL Comprehensive TLS/SSL Auditor] on: netflix.com:443
2026-07-29 01:51:23,168 [ERROR] [executor.py:82]: Command timed out after 300 seconds: testssl --color 2 --overwrite --jsonfile-pretty reports/netflix.com/testssl_output.json netflix.com:443
2026-07-29 01:51:23,169 [INFO] [runner.py:40]: --> Running module: Nuclei
2026-07-29 01:51:23,169 [INFO] [scanners.py:253]: Running [Nuclei Vulnerability Scanner] on: https://netflix.com
2026-07-29 01:52:17,953 [INFO] [runner.py:54]: --> Generating Consolidated Reports...
2026-07-29 01:52:17,987 [INFO] [reporter.py:50]: Master JSON report generated at: /home/kali/Desktop/secure-site-scan-main/reports/netflix.com/report.json
2026-07-29 01:52:17,989 [INFO] [reporter.py:190]: Executive Markdown summary generated at: /home/kali/Desktop/secure-site-scan-main/reports/netflix.com/summary.md
2026-07-29 01:52:18,057 [INFO] [reporter.py:225]: Professional Jinja2 HTML report generated at: /home/kali/Desktop/secure-site-scan-main/reports/netflix.com/report.html
2026-07-29 01:52:18,058 [INFO] [runner.py:65]: === Assessment Pipeline Execution Finished Successfully ===
2026-07-29 03:07:32,282 [INFO] [main.py:23]: Initializing Modular Vulnerability Assessment Session...
2026-07-29 03:07:32,282 [INFO] [main.py:24]: Target Acquired: netflix.com
2026-07-29 03:07:32,282 [INFO] [main.py:25]: Output Directory Configured: /home/kali/Desktop/secure-site-scan-main/reports/netflix.com
2026-07-29 03:07:49,798 [INFO] [runner.py:76]: --> Running selected module: nuclei
2026-07-29 03:07:49,805 [INFO] [scanners.py:253]: Running [Nuclei Vulnerability Scanner] on: https://netflix.com
2026-07-29 09:38:43,295 [INFO] [main.py:34]: Initializing Modular Vulnerability Assessment Session...
2026-07-29 09:38:43,296 [INFO] [main.py:35]: Target Acquired: netflix.com
2026-07-29 09:38:43,296 [INFO] [main.py:36]: Output Directory Configured: /home/kali/Desktop/secure-site-scan-main/reports/netflix.com
2026-07-29 09:55:17,331 [INFO] [main.py:34]: Initializing Modular Vulnerability Assessment Session...
2026-07-29 09:55:17,331 [INFO] [main.py:35]: Target Acquired: netflix.com
2026-07-29 09:55:17,331 [INFO] [main.py:36]: Output Directory Configured: /home/kali/Desktop/secure-site-scan-main/reports/netflix.com
2026-07-29 09:55:32,182 [INFO] [runner.py:89]: --> Running selected module: naabu
2026-07-29 09:55:32,191 [INFO] [naabu.py:42]: Starting Naabu on: netflix.com
2026-07-29 09:55:38,693 [INFO] [naabu.py:70]: Naabu discovered 0 open port(s)
2026-07-29 09:57:06,758 [INFO] [main.py:34]: Initializing Modular Vulnerability Assessment Session...
2026-07-29 09:57:06,758 [INFO] [main.py:35]: Target Acquired: netflix.com
2026-07-29 09:57:06,758 [INFO] [main.py:36]: Output Directory Configured: /home/kali/Desktop/secure-site-scan-main/reports/netflix.com
2026-07-29 09:57:15,584 [INFO] [runner.py:89]: --> Running selected module: naabu
2026-07-29 09:57:15,592 [INFO] [naabu.py:42]: Starting Naabu on: netflix.com
2026-07-29 09:57:21,734 [INFO] [naabu.py:70]: Naabu discovered 0 open port(s)
2026-07-29 10:12:54,589 [INFO] [main.py:34]: Initializing Modular Vulnerability Assessment Session...
2026-07-29 10:12:54,589 [INFO] [main.py:35]: Target Acquired: netflix.com
2026-07-29 10:12:54,589 [INFO] [main.py:36]: Output Directory Configured: /home/kali/Desktop/secure-site-scan-main/reports/netflix.com
2026-07-29 10:13:02,942 [INFO] [runner.py:89]: --> Running selected module: naabu
2026-07-29 10:13:02,950 [INFO] [naabu.py:42]: Starting Naabu on: netflix.com
2026-07-29 10:13:09,117 [INFO] [naabu.py:70]: Naabu discovered 0 open port(s)
2026-07-29 10:13:42,439 [INFO] [main.py:34]: Initializing Modular Vulnerability Assessment Session...
2026-07-29 10:13:42,440 [INFO] [main.py:35]: Target Acquired: lpu.in
2026-07-29 10:13:42,440 [INFO] [main.py:36]: Output Directory Configured: /home/kali/Desktop/secure-site-scan-main/reports/lpu.in
2026-07-29 10:14:02,583 [INFO] [runner.py:89]: --> Running selected module: naabu
2026-07-29 10:14:02,583 [INFO] [naabu.py:42]: Starting Naabu on: lpu.in
2026-07-29 10:14:16,704 [INFO] [naabu.py:70]: Naabu discovered 0 open port(s)
2026-07-29 10:14:48,211 [INFO] [main.py:34]: Initializing Modular Vulnerability Assessment Session...
2026-07-29 10:14:48,211 [INFO] [main.py:35]: Target Acquired: amazon.in
2026-07-29 10:14:48,211 [INFO] [main.py:36]: Output Directory Configured: /home/kali/Desktop/secure-site-scan-main/reports/amazon.in
2026-07-29 10:14:56,695 [INFO] [runner.py:89]: --> Running selected module: naabu
2026-07-29 10:14:56,696 [INFO] [naabu.py:42]: Starting Naabu on: amazon.in
2026-07-29 10:15:03,389 [INFO] [naabu.py:70]: Naabu discovered 0 open port(s)
2026-07-29 11:42:54,472 [INFO] [main.py:34]: Initializing Modular Vulnerability Assessment Session...
2026-07-29 11:42:54,472 [INFO] [main.py:35]: Target Acquired: netflix.com
2026-07-29 11:42:54,472 [INFO] [main.py:36]: Output Directory Configured: /home/kali/Desktop/secure-site-scan-main/reports/netflix.com
2026-07-29 11:42:59,808 [INFO] [runner.py:89]: --> Running selected module: secretfinder
2026-07-29 11:42:59,815 [INFO] [secretfinder.py:392]: [SecretFinder JavaScript Secret Scanner] ─── Starting SecretFinder JavaScript Analysis ───
2026-07-29 11:42:59,816 [INFO] [secretfinder.py:416]: [SecretFinder JavaScript Secret Scanner] No explicit JS endpoints were found. Falling back to target URL: https://netflix.com
2026-07-29 11:42:59,816 [INFO] [secretfinder.py:422]: [SecretFinder JavaScript Secret Scanner] Discovered 1 JavaScript source(s) for SecretFinder analysis.
2026-07-29 11:42:59,816 [INFO] [secretfinder.py:435]: [SecretFinder JavaScript Secret Scanner] Scanning JS target: https://netflix.com
2026-07-29 11:43:03,265 [INFO] [secretfinder.py:598]: [SecretFinder JavaScript Secret Scanner] Secrets JSON saved to: /home/kali/Desktop/secure-site-scan-main/reports/netflix.com/secrets.json
2026-07-29 11:43:03,265 [INFO] [secretfinder.py:464]: [SecretFinder JavaScript Secret Scanner] Scan complete — JS targets: 1 total / 1 scanned / 0 failed | Unique findings: 0
2026-07-29 11:43:19,681 [INFO] [main.py:34]: Initializing Modular Vulnerability Assessment Session...
2026-07-29 11:43:19,681 [INFO] [main.py:35]: Target Acquired: amazon.in
2026-07-29 11:43:19,681 [INFO] [main.py:36]: Output Directory Configured: /home/kali/Desktop/secure-site-scan-main/reports/amazon.in
2026-07-29 11:43:23,531 [INFO] [runner.py:89]: --> Running selected module: secretfinder
2026-07-29 11:43:23,532 [INFO] [secretfinder.py:392]: [SecretFinder JavaScript Secret Scanner] ─── Starting SecretFinder JavaScript Analysis ───
2026-07-29 11:43:23,532 [INFO] [secretfinder.py:416]: [SecretFinder JavaScript Secret Scanner] No explicit JS endpoints were found. Falling back to target URL: https://amazon.in
2026-07-29 11:43:23,532 [INFO] [secretfinder.py:422]: [SecretFinder JavaScript Secret Scanner] Discovered 1 JavaScript source(s) for SecretFinder analysis.
2026-07-29 11:43:23,532 [INFO] [secretfinder.py:435]: [SecretFinder JavaScript Secret Scanner] Scanning JS target: https://amazon.in
2026-07-29 11:43:24,907 [INFO] [secretfinder.py:598]: [SecretFinder JavaScript Secret Scanner] Secrets JSON saved to: /home/kali/Desktop/secure-site-scan-main/reports/amazon.in/secrets.json
2026-07-29 11:43:24,907 [INFO] [secretfinder.py:464]: [SecretFinder JavaScript Secret Scanner] Scan complete — JS targets: 1 total / 1 scanned / 0 failed | Unique findings: 0
2026-07-29 11:52:57,583 [INFO] [main.py:34]: Initializing Modular Vulnerability Assessment Session...
2026-07-29 11:52:57,584 [INFO] [main.py:35]: Target Acquired: netflix.com
2026-07-29 11:52:57,584 [INFO] [main.py:36]: Output Directory Configured: /home/kali/Desktop/secure-site-scan-main/reports/netflix.com
2026-07-29 11:53:12,187 [INFO] [runner.py:89]: --> Running selected module: secretfinder
2026-07-29 11:53:12,195 [INFO] [secretfinder.py:398]: [SecretFinder JavaScript Secret Scanner] ─── Starting SecretFinder JavaScript Analysis ───
2026-07-29 11:53:12,195 [INFO] [secretfinder.py:422]: [SecretFinder JavaScript Secret Scanner] No explicit JS endpoints were found. Falling back to target URL: https://netflix.com
2026-07-29 11:53:12,195 [INFO] [secretfinder.py:428]: [SecretFinder JavaScript Secret Scanner] Discovered 1 JavaScript source(s) for SecretFinder analysis.
2026-07-29 11:53:12,195 [INFO] [secretfinder.py:441]: [SecretFinder JavaScript Secret Scanner] Scanning JS target: https://netflix.com
2026-07-29 11:53:15,445 [INFO] [secretfinder.py:604]: [SecretFinder JavaScript Secret Scanner] Secrets JSON saved to: /home/kali/Desktop/secure-site-scan-main/reports/netflix.com/secrets.json
2026-07-29 11:53:15,445 [INFO] [secretfinder.py:470]: [SecretFinder JavaScript Secret Scanner] Scan complete — JS targets: 1 total / 1 scanned / 0 failed | Unique findings: 0
2026-07-29 11:53:40,940 [INFO] [main.py:34]: Initializing Modular Vulnerability Assessment Session...
2026-07-29 11:53:40,940 [INFO] [main.py:35]: Target Acquired: lpu.in
2026-07-29 11:53:40,940 [INFO] [main.py:36]: Output Directory Configured: /home/kali/Desktop/secure-site-scan-main/reports/lpu.in
2026-07-29 11:53:45,949 [INFO] [runner.py:89]: --> Running selected module: secretfinder
2026-07-29 11:53:45,950 [INFO] [secretfinder.py:398]: [SecretFinder JavaScript Secret Scanner] ─── Starting SecretFinder JavaScript Analysis ───
2026-07-29 11:53:45,950 [INFO] [secretfinder.py:422]: [SecretFinder JavaScript Secret Scanner] No explicit JS endpoints were found. Falling back to target URL: https://lpu.in
2026-07-29 11:53:45,950 [INFO] [secretfinder.py:428]: [SecretFinder JavaScript Secret Scanner] Discovered 1 JavaScript source(s) for SecretFinder analysis.
2026-07-29 11:53:45,950 [INFO] [secretfinder.py:441]: [SecretFinder JavaScript Secret Scanner] Scanning JS target: https://lpu.in
2026-07-29 11:53:54,365 [INFO] [secretfinder.py:455]: [SecretFinder JavaScript Secret Scanner] 19 finding(s) discovered in https://lpu.in
2026-07-29 11:53:54,366 [INFO] [secretfinder.py:604]: [SecretFinder JavaScript Secret Scanner] Secrets JSON saved to: /home/kali/Desktop/secure-site-scan-main/reports/lpu.in/secrets.json
2026-07-29 11:53:54,366 [INFO] [secretfinder.py:470]: [SecretFinder JavaScript Secret Scanner] Scan complete — JS targets: 1 total / 1 scanned / 0 failed | Unique findings: 19
2026-07-29 11:54:28,052 [INFO] [main.py:34]: Initializing Modular Vulnerability Assessment Session...
2026-07-29 11:54:28,052 [INFO] [main.py:35]: Target Acquired: netflix.in
2026-07-29 11:54:28,052 [INFO] [main.py:36]: Output Directory Configured: /home/kali/Desktop/secure-site-scan-main/reports/netflix.in
2026-07-29 11:54:32,057 [INFO] [runner.py:89]: --> Running selected module: secretfinder
2026-07-29 11:54:32,058 [INFO] [secretfinder.py:398]: [SecretFinder JavaScript Secret Scanner] ─── Starting SecretFinder JavaScript Analysis ───
2026-07-29 11:54:32,058 [INFO] [secretfinder.py:422]: [SecretFinder JavaScript Secret Scanner] No explicit JS endpoints were found. Falling back to target URL: https://netflix.in
2026-07-29 11:54:32,058 [INFO] [secretfinder.py:428]: [SecretFinder JavaScript Secret Scanner] Discovered 1 JavaScript source(s) for SecretFinder analysis.
2026-07-29 11:54:32,058 [INFO] [secretfinder.py:441]: [SecretFinder JavaScript Secret Scanner] Scanning JS target: https://netflix.in
2026-07-29 11:54:35,719 [INFO] [secretfinder.py:604]: [SecretFinder JavaScript Secret Scanner] Secrets JSON saved to: /home/kali/Desktop/secure-site-scan-main/reports/netflix.in/secrets.json
2026-07-29 11:54:35,719 [INFO] [secretfinder.py:470]: [SecretFinder JavaScript Secret Scanner] Scan complete — JS targets: 1 total / 1 scanned / 0 failed | Unique findings: 0
2026-07-29 11:55:13,016 [INFO] [main.py:34]: Initializing Modular Vulnerability Assessment Session...
2026-07-29 11:55:13,016 [INFO] [main.py:35]: Target Acquired: flipkart.com
2026-07-29 11:55:13,016 [INFO] [main.py:36]: Output Directory Configured: /home/kali/Desktop/secure-site-scan-main/reports/flipkart.com
2026-07-29 11:55:16,571 [INFO] [runner.py:89]: --> Running selected module: secretfinder
2026-07-29 11:55:16,571 [INFO] [secretfinder.py:398]: [SecretFinder JavaScript Secret Scanner] ─── Starting SecretFinder JavaScript Analysis ───
2026-07-29 11:55:16,572 [INFO] [secretfinder.py:422]: [SecretFinder JavaScript Secret Scanner] No explicit JS endpoints were found. Falling back to target URL: https://flipkart.com
2026-07-29 11:55:16,572 [INFO] [secretfinder.py:428]: [SecretFinder JavaScript Secret Scanner] Discovered 1 JavaScript source(s) for SecretFinder analysis.
2026-07-29 11:55:16,572 [INFO] [secretfinder.py:441]: [SecretFinder JavaScript Secret Scanner] Scanning JS target: https://flipkart.com
2026-07-29 11:55:26,323 [INFO] [secretfinder.py:455]: [SecretFinder JavaScript Secret Scanner] 637 finding(s) discovered in https://flipkart.com
2026-07-29 11:55:26,336 [INFO] [secretfinder.py:604]: [SecretFinder JavaScript Secret Scanner] Secrets JSON saved to: /home/kali/Desktop/secure-site-scan-main/reports/flipkart.com/secrets.json
2026-07-29 11:55:26,336 [INFO] [secretfinder.py:470]: [SecretFinder JavaScript Secret Scanner] Scan complete — JS targets: 1 total / 1 scanned / 0 failed | Unique findings: 637
2026-07-29 11:57:27,921 [INFO] [main.py:34]: Initializing Modular Vulnerability Assessment Session...
2026-07-29 11:57:27,921 [INFO] [main.py:35]: Target Acquired: flipkart.com
2026-07-29 11:57:27,921 [INFO] [main.py:36]: Output Directory Configured: /home/kali/Desktop/secure-site-scan-main/reports/flipkart.com
2026-07-29 11:57:30,032 [INFO] [runner.py:35]: === Starting Assessment Pipeline on Target: flipkart.com ===
2026-07-29 11:57:30,033 [INFO] [runner.py:53]: --> Running module: Subfinder
2026-07-29 11:57:30,033 [INFO] [recon.py:61]: Running [Subfinder Subdomain Discovery] on: flipkart.com
2026-07-29 11:58:02,430 [INFO] [runner.py:53]: --> Running module: HTTPX
2026-07-29 11:58:02,431 [INFO] [recon.py:190]: Running [HTTP Service Prober] on target: flipkart.com
2026-07-29 11:58:04,995 [INFO] [runner.py:53]: --> Running module: Nmap
2026-07-29 11:58:04,995 [INFO] [recon.py:248]: Running [Nmap Port & Service Scanner] on: flipkart.com
2026-07-29 11:58:52,740 [INFO] [runner.py:53]: --> Running module: WhatWeb
2026-07-29 11:58:52,741 [INFO] [recon.py:393]: Running [WhatWeb Tech Stack Fingerprinter] on: https://flipkart.com
2026-07-29 11:59:30,480 [INFO] [runner.py:53]: --> Running module: Katana
2026-07-29 11:59:30,480 [INFO] [recon.py:486]: Running [Katana Web Crawler] on: https://flipkart.com
2026-07-29 11:59:42,014 [INFO] [runner.py:53]: --> Running module: SecretFinder
2026-07-29 11:59:42,014 [INFO] [secretfinder.py:398]: [SecretFinder JavaScript Secret Scanner] ─── Starting SecretFinder JavaScript Analysis ───
2026-07-29 11:59:42,014 [INFO] [secretfinder.py:422]: [SecretFinder JavaScript Secret Scanner] No explicit JS endpoints were found. Falling back to target URL: https://flipkart.com
2026-07-29 11:59:42,015 [INFO] [secretfinder.py:428]: [SecretFinder JavaScript Secret Scanner] Discovered 1 JavaScript source(s) for SecretFinder analysis.
2026-07-29 11:59:42,015 [INFO] [secretfinder.py:441]: [SecretFinder JavaScript Secret Scanner] Scanning JS target: https://flipkart.com
2026-07-29 11:59:50,578 [INFO] [secretfinder.py:455]: [SecretFinder JavaScript Secret Scanner] 638 finding(s) discovered in https://flipkart.com
2026-07-29 11:59:50,592 [INFO] [secretfinder.py:604]: [SecretFinder JavaScript Secret Scanner] Secrets JSON saved to: /home/kali/Desktop/secure-site-scan-main/reports/flipkart.com/secrets.json
2026-07-29 11:59:50,592 [INFO] [secretfinder.py:470]: [SecretFinder JavaScript Secret Scanner] Scan complete — JS targets: 1 total / 1 scanned / 0 failed | Unique findings: 638
2026-07-29 11:59:50,601 [INFO] [runner.py:53]: --> Running module: TestSSL
2026-07-29 11:59:50,601 [INFO] [scanners.py:114]: Running [TestSSL Comprehensive TLS/SSL Auditor] on: flipkart.com:443
