2026-07-28 11:49:07,374 [INFO] [main.py:35]: Initializing Modular Vulnerability Assessment Session...
2026-07-28 11:49:07,375 [INFO] [main.py:36]: Target Acquired: https://www.nvidia.com/en-in/
2026-07-28 11:49:07,375 [INFO] [main.py:37]: Output Directory Configured: /home/kali/Desktop/secure-site-scan-main/reports/www.nvidia.com_en-in_
2026-07-28 11:49:07,375 [INFO] [runner.py:57]: === Starting Assessment Pipeline on Target: https://www.nvidia.com/en-in/ ===
2026-07-28 11:49:07,375 [INFO] [runner.py:60]: --> [Phase 1/2] Launching Reconnaissance & Service Enumeration Tools...
2026-07-28 11:49:07,375 [INFO] [recon.py:61]: Running [Subfinder Subdomain Discovery] on: www.nvidia.com
2026-07-28 11:49:39,359 [INFO] [recon.py:190]: Running [HTTP Service Prober] on target: https://www.nvidia.com/en-in/
2026-07-28 11:49:40,359 [INFO] [recon.py:248]: Running [Nmap Port & Service Scanner] on: www.nvidia.com
2026-07-28 11:50:53,706 [INFO] [recon.py:393]: Running [WhatWeb Tech Stack Fingerprinter] on: https://www.nvidia.com/en-in/
2026-07-28 11:51:11,181 [INFO] [recon.py:486]: Running [Katana Web Crawler] on: https://www.nvidia.com/en-in/
2026-07-28 11:56:16,955 [ERROR] [executor.py:82]: Command timed out after 300 seconds: katana -u https://www.nvidia.com/en-in/ -jc -d 3 -silent -o reports/www.nvidia.com_en-in_/katana_output.txt
2026-07-28 11:56:17,286 [INFO] [secretfinder.py:268]: [SecretFinder JavaScript Secret Scanner] ─── Starting SecretFinder JavaScript Analysis ───
2026-07-28 11:56:17,338 [INFO] [secretfinder.py:297]: [SecretFinder JavaScript Secret Scanner] Katana discovered 16016 endpoints; processing 582 target JavaScript source(s).
2026-07-28 11:56:17,339 [INFO] [secretfinder.py:308]: [SecretFinder JavaScript Secret Scanner] Scanning JS target: https://ajax.googleapis.com/ajax/libs/jquery/3.6.0/jquery.min.js
2026-07-28 11:56:17,910 [INFO] [secretfinder.py:319]: [SecretFinder JavaScript Secret Scanner] Secret Found — 1 finding(s) in: https://ajax.googleapis.com/ajax/libs/jquery/3.6.0/jquery.min.js
2026-07-28 11:56:17,910 [INFO] [secretfinder.py:308]: [SecretFinder JavaScript Secret Scanner] Scanning JS target: https://api-prod.nvidia.com/search/nvidia-gallery-widget.js
2026-07-28 11:56:20,845 [INFO] [secretfinder.py:319]: [SecretFinder JavaScript Secret Scanner] Secret Found — 12 finding(s) in: https://api-prod.nvidia.com/search/nvidia-gallery-widget.js
2026-07-28 11:56:20,845 [INFO] [secretfinder.py:308]: [SecretFinder JavaScript Secret Scanner] Scanning JS target: https://api-prod.nvidia.com/search/nvidia-search-library.js
2026-07-28 11:56:24,684 [INFO] [secretfinder.py:319]: [SecretFinder JavaScript Secret Scanner] Secret Found — 18 finding(s) in: https://api-prod.nvidia.com/search/nvidia-search-library.js
2026-07-28 11:56:24,684 [INFO] [secretfinder.py:308]: [SecretFinder JavaScript Secret Scanner] Scanning JS target: https://api-prod.nvidia.com/search/nvidia-search-page-widget.js
2026-07-28 11:56:26,459 [INFO] [secretfinder.py:319]: [SecretFinder JavaScript Secret Scanner] Secret Found — 13 finding(s) in: https://api-prod.nvidia.com/search/nvidia-search-page-widget.js
2026-07-28 11:56:26,459 [INFO] [secretfinder.py:308]: [SecretFinder JavaScript Secret Scanner] Scanning JS target: https://app-sj14.marketo.com/js/forms2/js/forms2.min.js
2026-07-28 11:56:28,309 [INFO] [secretfinder.py:319]: [SecretFinder JavaScript Secret Scanner] Secret Found — 1 finding(s) in: https://app-sj14.marketo.com/js/forms2/js/forms2.min.js
2026-07-28 11:56:28,309 [INFO] [secretfinder.py:308]: [SecretFinder JavaScript Secret Scanner] Scanning JS target: https://app-sj14.marketo.com/js/forms2/js/forms2.min.js?ver=5.6.2
2026-07-28 11:56:28,928 [INFO] [secretfinder.py:319]: [SecretFinder JavaScript Secret Scanner] Secret Found — 1 finding(s) in: https://app-sj14.marketo.com/js/forms2/js/forms2.min.js?ver=5.6.2
2026-07-28 11:56:28,929 [INFO] [secretfinder.py:308]: [SecretFinder JavaScript Secret Scanner] Scanning JS target: https://app.cdn.lookbookhq.com/libraries/overlay/overlay.js
2026-07-28 11:56:29,728 [INFO] [secretfinder.py:308]: [SecretFinder JavaScript Secret Scanner] Scanning JS target: https://app.nvidia.com/search/nvidia-search-library.js
2026-07-28 11:56:32,530 [INFO] [secretfinder.py:319]: [SecretFinder JavaScript Secret Scanner] Secret Found — 18 finding(s) in: https://app.nvidia.com/search/nvidia-search-library.js
2026-07-28 11:56:32,530 [INFO] [secretfinder.py:308]: [SecretFinder JavaScript Secret Scanner] Scanning JS target: https://app.nvidia.com/search/nvidia-search-page-widget.js
2026-07-28 11:56:36,814 [INFO] [secretfinder.py:319]: [SecretFinder JavaScript Secret Scanner] Secret Found — 13 finding(s) in: https://app.nvidia.com/search/nvidia-search-page-widget.js
2026-07-28 11:56:36,814 [INFO] [secretfinder.py:308]: [SecretFinder JavaScript Secret Scanner] Scanning JS target: https://appqa.nvidia.com/search/nvidia-search-library.js
2026-07-28 11:56:37,791 [INFO] [secretfinder.py:308]: [SecretFinder JavaScript Secret Scanner] Scanning JS target: https://assets.adobedtm.com/5d4962a43b79/76a76b0bb8ea/launch-7d434965ec64.min.js
2026-07-28 11:56:38,763 [INFO] [secretfinder.py:319]: [SecretFinder JavaScript Secret Scanner] Secret Found — 5 finding(s) in: https://assets.adobedtm.com/5d4962a43b79/76a76b0bb8ea/launch-7d434965ec64.min.js
2026-07-28 11:56:38,763 [INFO] [secretfinder.py:308]: [SecretFinder JavaScript Secret Scanner] Scanning JS target: https://assets.adobedtm.com/5d4962a43b79/814eb6e9b4e1/launch-4bc07f1e0b0b.min.js
2026-07-28 11:56:39,811 [INFO] [secretfinder.py:319]: [SecretFinder JavaScript Secret Scanner] Secret Found — 7 finding(s) in: https://assets.adobedtm.com/5d4962a43b79/814eb6e9b4e1/launch-4bc07f1e0b0b.min.js
2026-07-28 11:56:39,811 [INFO] [secretfinder.py:308]: [SecretFinder JavaScript Secret Scanner] Scanning JS target: https://assets.adobedtm.com/5d4962a43b79/96fada676f0e/launch-95431b44ee81.min.js
2026-07-28 11:56:41,683 [INFO] [secretfinder.py:319]: [SecretFinder JavaScript Secret Scanner] Secret Found — 18 finding(s) in: https://assets.adobedtm.com/5d4962a43b79/96fada676f0e/launch-95431b44ee81.min.js
2026-07-28 11:56:41,683 [INFO] [secretfinder.py:308]: [SecretFinder JavaScript Secret Scanner] Scanning JS target: https://assets.adobedtm.com/5d4962a43b79/c1061d2c5e7b/launch-191c2462b890.min.js
2026-07-28 11:56:42,817 [INFO] [secretfinder.py:319]: [SecretFinder JavaScript Secret Scanner] Secret Found — 9 finding(s) in: https://assets.adobedtm.com/5d4962a43b79/c1061d2c5e7b/launch-191c2462b890.min.js
2026-07-28 11:56:42,817 [INFO] [secretfinder.py:308]: [SecretFinder JavaScript Secret Scanner] Scanning JS target: https://blogs.nvidia.com/%5C/www.nvidia.com%5C/content%5C/dam%5C/en-zz%5C/Solutions%5C/librarian%5C/bundle-search-prod-pub-v3.1.js
2026-07-28 11:56:44,145 [INFO] [secretfinder.py:319]: [SecretFinder JavaScript Secret Scanner] Secret Found — 2 finding(s) in: https://blogs.nvidia.com/%5C/www.nvidia.com%5C/content%5C/dam%5C/en-zz%5C/Solutions%5C/librarian%5C/bundle-search-prod-pub-v3.1.js
2026-07-28 11:56:44,145 [INFO] [secretfinder.py:308]: [SecretFinder JavaScript Secret Scanner] Scanning JS target: https://blogs.nvidia.com/wp-content/plugins/disqus-comment-system/public/js/comment_count.js?ver=3.1.4
2026-07-28 11:56:44,824 [INFO] [secretfinder.py:308]: [SecretFinder JavaScript Secret Scanner] Scanning JS target: https://blogs.nvidia.com/wp-content/plugins/highlight-and-share/dist/highlight-and-share.js?ver=6.0.1
2026-07-28 11:56:45,508 [INFO] [secretfinder.py:308]: [SecretFinder JavaScript Secret Scanner] Scanning JS target: https://blogs.nvidia.com/wp-content/plugins/highlight-and-share/js/fancybox.umd.js?ver=6.0.1
2026-07-28 11:56:46,332 [INFO] [secretfinder.py:308]: [SecretFinder JavaScript Secret Scanner] Scanning JS target: https://blogs.nvidia.com/wp-content/plugins/page-links-to/dist/new-tab.js?ver=3.4.1
2026-07-28 11:56:46,989 [INFO] [secretfinder.py:308]: [SecretFinder JavaScript Secret Scanner] Scanning JS target: https://blogs.nvidia.com/wp-content/plugins/revslider/public/js/libs/tptools.js
2026-07-28 11:56:48,095 [INFO] [secretfinder.py:308]: [SecretFinder JavaScript Secret Scanner] Scanning JS target: https://blogs.nvidia.com/wp-content/plugins/revslider/public/js/libs/tptools.js?ver=6.7.57
2026-07-28 11:56:48,978 [INFO] [secretfinder.py:308]: [SecretFinder JavaScript Secret Scanner] Scanning JS target: https://blogs.nvidia.com/wp-content/plugins/revslider/public/js/sr7.js
2026-07-28 11:56:50,281 [INFO] [secretfinder.py:319]: [SecretFinder JavaScript Secret Scanner] Secret Found — 3 finding(s) in: https://blogs.nvidia.com/wp-content/plugins/revslider/public/js/sr7.js
2026-07-28 11:56:50,281 [INFO] [secretfinder.py:308]: [SecretFinder JavaScript Secret Scanner] Scanning JS target: https://blogs.nvidia.com/wp-content/plugins/revslider/public/js/sr7.js?ver=6.7.57
2026-07-28 11:56:51,265 [INFO] [secretfinder.py:319]: [SecretFinder JavaScript Secret Scanner] Secret Found — 3 finding(s) in: https://blogs.nvidia.com/wp-content/plugins/revslider/public/js/sr7.js?ver=6.7.57
2026-07-28 11:56:51,266 [INFO] [secretfinder.py:308]: [SecretFinder JavaScript Secret Scanner] Scanning JS target: https://blogs.nvidia.com/wp-content/plugins/sitepress-multilingual-cms/templates/language-switchers/legacy-dropdown/script.min.js?ver=1
2026-07-28 11:56:51,964 [INFO] [secretfinder.py:308]: [SecretFinder JavaScript Secret Scanner] Scanning JS target: https://blogs.nvidia.com/wp-content/plugins/yith-infinite-scrolling/assets/js/yith-infs.min.js?ver=2.8.0
2026-07-28 11:56:52,682 [INFO] [secretfinder.py:308]: [SecretFinder JavaScript Secret Scanner] Scanning JS target: https://blogs.nvidia.com/wp-content/plugins/yith-infinite-scrolling/assets/js/yith.infinitescroll.min.js?ver=2.8.0
2026-07-28 11:56:53,357 [INFO] [secretfinder.py:308]: [SecretFinder JavaScript Secret Scanner] Scanning JS target: https://blogs.nvidia.com/wp-content/themes/nvidia-blog-v6/build/tag-archive.min.js?ver=6.0.1
2026-07-28 11:56:54,113 [INFO] [secretfinder.py:308]: [SecretFinder JavaScript Secret Scanner] Scanning JS target: https://blogs.nvidia.com/wp-includes/js/dist/hooks.min.js?ver=7496969728ca0f95732d
2026-07-28 11:56:54,770 [INFO] [secretfinder.py:308]: [SecretFinder JavaScript Secret Scanner] Scanning JS target: https://blogs.nvidia.com/wp-includes/js/dist/i18n.min.js?ver=781d11515ad3d91786ec
2026-07-28 11:56:55,405 [INFO] [secretfinder.py:308]: [SecretFinder JavaScript Secret Scanner] Scanning JS target: https://blogs.nvidia.com/wp-includes/js/jquery/jquery-migrate.min.js?ver=3.4.1
2026-07-28 11:56:56,049 [INFO] [secretfinder.py:308]: [SecretFinder JavaScript Secret Scanner] Scanning JS target: https://blogs.nvidia.com/wp-includes/js/jquery/jquery.min.js?ver=3.7.1
2026-07-28 11:56:56,793 [INFO] [secretfinder.py:319]: [SecretFinder JavaScript Secret Scanner] Secret Found — 1 finding(s) in: https://blogs.nvidia.com/wp-includes/js/jquery/jquery.min.js?ver=3.7.1
2026-07-28 11:56:56,793 [INFO] [secretfinder.py:308]: [SecretFinder JavaScript Secret Scanner] Scanning JS target: https://blogs.nvidia.com/wp-includes/js/wp-emoji-loader.min.js
2026-07-28 11:56:57,596 [INFO] [secretfinder.py:308]: [SecretFinder JavaScript Secret Scanner] Scanning JS target: https://blogs.nvidia.com/wp-includes/js/wp-emoji-release.min.js?ver=7.0.2
2026-07-28 11:56:58,230 [INFO] [secretfinder.py:308]: [SecretFinder JavaScript Secret Scanner] Scanning JS target: https://catalog.ngc.nvidia.com/assets/Anchor-B7Nevkhh.js
2026-07-28 11:56:59,965 [INFO] [secretfinder.py:308]: [SecretFinder JavaScript Secret Scanner] Scanning JS target: https://catalog.ngc.nvidia.com/assets/AnimatedChevron-BbJmmdys.js
2026-07-28 11:57:01,785 [INFO] [secretfinder.py:308]: [SecretFinder JavaScript Secret Scanner] Scanning JS target: https://catalog.ngc.nvidia.com/assets/Avatar-BUygbacJ.js
2026-07-28 11:57:03,584 [INFO] [secretfinder.py:308]: [SecretFinder JavaScript Secret Scanner] Scanning JS target: https://catalog.ngc.nvidia.com/assets/Badge-BGDSD3hw.js
2026-07-28 11:57:05,420 [INFO] [secretfinder.py:308]: [SecretFinder JavaScript Secret Scanner] Scanning JS target: https://catalog.ngc.nvidia.com/assets/Banner-DtUuvYUJ.js
2026-07-28 11:57:07,148 [INFO] [secretfinder.py:308]: [SecretFinder JavaScript Secret Scanner] Scanning JS target: https://catalog.ngc.nvidia.com/assets/Button-DUOebu5K.js
2026-07-28 11:57:09,501 [INFO] [secretfinder.py:308]: [SecretFinder JavaScript Secret Scanner] Scanning JS target: https://catalog.ngc.nvidia.com/assets/Card-D3TjdGPY.js
2026-07-28 11:57:11,024 [INFO] [secretfinder.py:308]: [SecretFinder JavaScript Secret Scanner] Scanning JS target: https://catalog.ngc.nvidia.com/assets/Checkbox-CaPlpsct.js
2026-07-28 11:57:12,630 [INFO] [secretfinder.py:308]: [SecretFinder JavaScript Secret Scanner] Scanning JS target: https://catalog.ngc.nvidia.com/assets/CollapsibleTrigger-BCn9QVGL.js
2026-07-28 11:57:14,295 [INFO] [secretfinder.py:308]: [SecretFinder JavaScript Secret Scanner] Scanning JS target: https://catalog.ngc.nvidia.com/assets/CookieConsentPreferenceCenter-3EIEndv0.js
2026-07-28 11:57:15,920 [INFO] [secretfinder.py:308]: [SecretFinder JavaScript Secret Scanner] Scanning JS target: https://catalog.ngc.nvidia.com/assets/Divider-Cpp4BSZW.js
2026-07-28 11:57:17,547 [INFO] [secretfinder.py:308]: [SecretFinder JavaScript Secret Scanner] Scanning JS target: https://catalog.ngc.nvidia.com/assets/DropdownItem-BnhjTUZ-.js
2026-07-28 11:57:19,201 [INFO] [secretfinder.py:308]: [SecretFinder JavaScript Secret Scanner] Scanning JS target: https://catalog.ngc.nvidia.com/assets/DropdownSubTrigger-DlUwZJM0.js
2026-07-28 11:57:20,836 [INFO] [secretfinder.py:308]: [SecretFinder JavaScript Secret Scanner] Scanning JS target: https://catalog.ngc.nvidia.com/assets/DropdownTrigger-Bx4lA6PJ.js
2026-07-28 11:57:22,669 [INFO] [secretfinder.py:308]: [SecretFinder JavaScript Secret Scanner] Scanning JS target: https://catalog.ngc.nvidia.com/assets/DynamicLink-Cqwi9uJL.js
2026-07-28 11:57:24,498 [INFO] [secretfinder.py:308]: [SecretFinder JavaScript Secret Scanner] Scanning JS target: https://catalog.ngc.nvidia.com/assets/ErrorBoundary-KEj9BNOX.js
2026-07-28 11:57:26,136 [INFO] [secretfinder.py:308]: [SecretFinder JavaScript Secret Scanner] Scanning JS target: https://catalog.ngc.nvidia.com/assets/FilterDropdown-D8UwKn6Y.js
2026-07-28 11:57:27,851 [INFO] [secretfinder.py:308]: [SecretFinder JavaScript Secret Scanner] Scanning JS target: https://catalog.ngc.nvidia.com/assets/Flex-BA5HroMS.js
2026-07-28 11:57:29,570 [INFO] [secretfinder.py:308]: [SecretFinder JavaScript Secret Scanner] Scanning JS target: https://catalog.ngc.nvidia.com/assets/FormattedDate-DkBEKXyw.js
2026-07-28 11:57:31,121 [INFO] [secretfinder.py:308]: [SecretFinder JavaScript Secret Scanner] Scanning JS target: https://catalog.ngc.nvidia.com/assets/Grid-2-YA_n06.js
2026-07-28 11:57:32,725 [INFO] [secretfinder.py:308]: [SecretFinder JavaScript Secret Scanner] Scanning JS target: https://catalog.ngc.nvidia.com/assets/Icon-Cma1zUMY.js
2026-07-28 11:57:34,330 [INFO] [secretfinder.py:308]: [SecretFinder JavaScript Secret Scanner] Scanning JS target: https://catalog.ngc.nvidia.com/assets/Label-C9HbmmzH.js
2026-07-28 11:57:36,062 [INFO] [secretfinder.py:308]: [SecretFinder JavaScript Secret Scanner] Scanning JS target: https://catalog.ngc.nvidia.com/assets/Link-D2SbmmIE.js
2026-07-28 11:57:37,758 [INFO] [secretfinder.py:308]: [SecretFinder JavaScript Secret Scanner] Scanning JS target: https://catalog.ngc.nvidia.com/assets/LoginLink-C_GqoWOA.js
2026-07-28 11:57:39,373 [INFO] [secretfinder.py:308]: [SecretFinder JavaScript Secret Scanner] Scanning JS target: https://catalog.ngc.nvidia.com/assets/Modal-DHOmgLlB.js
2026-07-28 11:57:41,777 [INFO] [secretfinder.py:308]: [SecretFinder JavaScript Secret Scanner] Scanning JS target: https://catalog.ngc.nvidia.com/assets/Pagination-sdWAyS05.js
2026-07-28 11:57:43,348 [INFO] [secretfinder.py:308]: [SecretFinder JavaScript Secret Scanner] Scanning JS target: https://catalog.ngc.nvidia.com/assets/Popover-D8TSmWrd.js
2026-07-28 11:57:44,953 [INFO] [secretfinder.py:308]: [SecretFinder JavaScript Secret Scanner] Scanning JS target: https://catalog.ngc.nvidia.com/assets/PopoverTrigger-B32diYTV.js
2026-07-28 11:57:46,698 [INFO] [secretfinder.py:308]: [SecretFinder JavaScript Secret Scanner] Scanning JS target: https://catalog.ngc.nvidia.com/assets/ProductBadge-DIM_kqr4.js
2026-07-28 11:57:48,436 [INFO] [secretfinder.py:308]: [SecretFinder JavaScript Secret Scanner] Scanning JS target: https://catalog.ngc.nvidia.com/assets/PublisherInfo-C9KhMOOb.js
2026-07-28 11:57:50,145 [INFO] [secretfinder.py:308]: [SecretFinder JavaScript Secret Scanner] Scanning JS target: https://catalog.ngc.nvidia.com/assets/PublisherLogo-COQqhmXD.js
2026-07-28 11:57:51,891 [INFO] [secretfinder.py:308]: [SecretFinder JavaScript Secret Scanner] Scanning JS target: https://catalog.ngc.nvidia.com/assets/ResourceBadge-D8eY2ieS.js
2026-07-28 11:57:53,531 [INFO] [secretfinder.py:308]: [SecretFinder JavaScript Secret Scanner] Scanning JS target: https://catalog.ngc.nvidia.com/assets/ResourceCard-DOX3px6y.js
2026-07-28 11:57:55,214 [INFO] [secretfinder.py:308]: [SecretFinder JavaScript Secret Scanner] Scanning JS target: https://catalog.ngc.nvidia.com/assets/RichText-Ei6SQKAn.js
2026-07-28 11:57:56,886 [INFO] [secretfinder.py:308]: [SecretFinder JavaScript Secret Scanner] Scanning JS target: https://catalog.ngc.nvidia.com/assets/Select-ByjN9JeF.js
2026-07-28 11:57:58,507 [INFO] [secretfinder.py:308]: [SecretFinder JavaScript Secret Scanner] Scanning JS target: https://catalog.ngc.nvidia.com/assets/SiteFooter-X9Dlh0tE.js
2026-07-28 11:58:00,051 [INFO] [secretfinder.py:308]: [SecretFinder JavaScript Secret Scanner] Scanning JS target: https://catalog.ngc.nvidia.com/assets/Slottable-BPTFdflj.js
2026-07-28 11:58:01,839 [INFO] [secretfinder.py:308]: [SecretFinder JavaScript Secret Scanner] Scanning JS target: https://catalog.ngc.nvidia.com/assets/Stack-CVRSdGl-.js
2026-07-28 11:58:03,621 [INFO] [secretfinder.py:308]: [SecretFinder JavaScript Secret Scanner] Scanning JS target: https://catalog.ngc.nvidia.com/assets/Tabs-BwQ0YvEy.js
2026-07-28 11:58:05,400 [INFO] [secretfinder.py:308]: [SecretFinder JavaScript Secret Scanner] Scanning JS target: https://catalog.ngc.nvidia.com/assets/Tag-Dy52Wgno.js
2026-07-28 11:58:07,153 [INFO] [secretfinder.py:308]: [SecretFinder JavaScript Secret Scanner] Scanning JS target: https://catalog.ngc.nvidia.com/assets/Text-MDay61VA.js
2026-07-28 11:58:08,787 [INFO] [secretfinder.py:308]: [SecretFinder JavaScript Secret Scanner] Scanning JS target: https://catalog.ngc.nvidia.com/assets/TextInput-Bs4GMV2X.js
2026-07-28 11:58:10,542 [INFO] [secretfinder.py:308]: [SecretFinder JavaScript Secret Scanner] Scanning JS target: https://catalog.ngc.nvidia.com/assets/Tooltip-BuwvVDT5.js
2026-07-28 11:58:12,353 [INFO] [secretfinder.py:308]: [SecretFinder JavaScript Secret Scanner] Scanning JS target: https://catalog.ngc.nvidia.com/assets/TooltipProvider-CW61ph1G.js
2026-07-28 11:58:14,737 [INFO] [secretfinder.py:308]: [SecretFinder JavaScript Secret Scanner] Scanning JS target: https://catalog.ngc.nvidia.com/assets/UncontrolledCheckbox-htlzF54T.js
2026-07-28 11:58:16,362 [INFO] [secretfinder.py:308]: [SecretFinder JavaScript Secret Scanner] Scanning JS target: https://catalog.ngc.nvidia.com/assets/UncontrolledInput-CPw0wSh2.js
2026-07-28 11:58:18,201 [INFO] [secretfinder.py:308]: [SecretFinder JavaScript Secret Scanner] Scanning JS target: https://catalog.ngc.nvidia.com/assets/VerticalNav-DLRNUJyl.js
2026-07-28 11:58:19,882 [INFO] [secretfinder.py:308]: [SecretFinder JavaScript Secret Scanner] Scanning JS target: https://catalog.ngc.nvidia.com/assets/anchor-id-BPMUHv94.js
2026-07-28 11:58:21,660 [INFO] [secretfinder.py:308]: [SecretFinder JavaScript Secret Scanner] Scanning JS target: https://catalog.ngc.nvidia.com/assets/client-BQGawC2F.js
2026-07-28 11:58:23,966 [INFO] [secretfinder.py:319]: [SecretFinder JavaScript Secret Scanner] Secret Found — 2 finding(s) in: https://catalog.ngc.nvidia.com/assets/client-BQGawC2F.js
2026-07-28 11:58:23,966 [INFO] [secretfinder.py:308]: [SecretFinder JavaScript Secret Scanner] Scanning JS target: https://catalog.ngc.nvidia.com/assets/client-CSWqEBrh.js
2026-07-28 11:58:25,567 [INFO] [secretfinder.py:308]: [SecretFinder JavaScript Secret Scanner] Scanning JS target: https://catalog.ngc.nvidia.com/assets/components-BwuwF04o.js
2026-07-28 11:58:27,595 [INFO] [secretfinder.py:308]: [SecretFinder JavaScript Secret Scanner] Scanning JS target: https://catalog.ngc.nvidia.com/assets/density-DXCGUUHk.js
2026-07-28 11:58:29,375 [INFO] [secretfinder.py:308]: [SecretFinder JavaScript Secret Scanner] Scanning JS target: https://catalog.ngc.nvidia.com/assets/dist-B2Z-WvM_.js
2026-07-28 11:58:31,150 [INFO] [secretfinder.py:308]: [SecretFinder JavaScript Secret Scanner] Scanning JS target: https://catalog.ngc.nvidia.com/assets/dist-BQViWFbg.js
2026-07-28 11:58:33,087 [INFO] [secretfinder.py:308]: [SecretFinder JavaScript Secret Scanner] Scanning JS target: https://catalog.ngc.nvidia.com/assets/dist-C3aQ5RyV.js
2026-07-28 11:58:34,800 [INFO] [secretfinder.py:308]: [SecretFinder JavaScript Secret Scanner] Scanning JS target: https://catalog.ngc.nvidia.com/assets/dist-CJepv1X6.js
2026-07-28 11:58:36,353 [INFO] [secretfinder.py:308]: [SecretFinder JavaScript Secret Scanner] Scanning JS target: https://catalog.ngc.nvidia.com/assets/dist-XGOJIWd_.js
2026-07-28 11:58:38,122 [INFO] [secretfinder.py:308]: [SecretFinder JavaScript Secret Scanner] Scanning JS target: https://catalog.ngc.nvidia.com/assets/emotion-react.browser.esm-BsI99tYr.js
2026-07-28 11:58:39,796 [INFO] [secretfinder.py:308]: [SecretFinder JavaScript Secret Scanner] Scanning JS target: https://catalog.ngc.nvidia.com/assets/entry.client-CqJPEkwb.js
2026-07-28 11:58:41,586 [INFO] [secretfinder.py:308]: [SecretFinder JavaScript Secret Scanner] Scanning JS target: https://catalog.ngc.nvidia.com/assets/errorBoundaries-CxQN-L4T.js
2026-07-28 11:58:43,174 [INFO] [secretfinder.py:308]: [SecretFinder JavaScript Secret Scanner] Scanning JS target: https://catalog.ngc.nvidia.com/assets/esm-dzPUXh8L.js
2026-07-28 11:58:45,807 [INFO] [secretfinder.py:319]: [SecretFinder JavaScript Secret Scanner] Secret Found — 3 finding(s) in: https://catalog.ngc.nvidia.com/assets/esm-dzPUXh8L.js
2026-07-28 11:58:45,807 [INFO] [secretfinder.py:308]: [SecretFinder JavaScript Secret Scanner] Scanning JS target: https://catalog.ngc.nvidia.com/assets/esm-nMUgGhZg.js
2026-07-28 11:58:48,672 [INFO] [secretfinder.py:319]: [SecretFinder JavaScript Secret Scanner] Secret Found — 8 finding(s) in: https://catalog.ngc.nvidia.com/assets/esm-nMUgGhZg.js
2026-07-28 11:58:48,673 [INFO] [secretfinder.py:308]: [SecretFinder JavaScript Secret Scanner] Scanning JS target: https://catalog.ngc.nvidia.com/assets/externalUrls-Zxlc6wUm.js
2026-07-28 11:58:50,373 [INFO] [secretfinder.py:308]: [SecretFinder JavaScript Secret Scanner] Scanning JS target: https://catalog.ngc.nvidia.com/assets/extract-props-BYPO3rLG.js
2026-07-28 11:58:51,990 [INFO] [secretfinder.py:308]: [SecretFinder JavaScript Secret Scanner] Scanning JS target: https://catalog.ngc.nvidia.com/assets/featureFlagGuard-bEOl3NJB.js
2026-07-28 11:58:53,667 [INFO] [secretfinder.py:308]: [SecretFinder JavaScript Secret Scanner] Scanning JS target: https://catalog.ngc.nvidia.com/assets/featureFlags.gen-C-pBmNNc.js
2026-07-28 11:58:55,408 [INFO] [secretfinder.py:308]: [SecretFinder JavaScript Secret Scanner] Scanning JS target: https://catalog.ngc.nvidia.com/assets/handle-BPW9bpCe.js
2026-07-28 11:58:57,163 [INFO] [secretfinder.py:308]: [SecretFinder JavaScript Secret Scanner] Scanning JS target: https://catalog.ngc.nvidia.com/assets/index-Cj9UJ_Ce-NjJkzZrG.js
2026-07-28 11:58:59,065 [INFO] [secretfinder.py:308]: [SecretFinder JavaScript Secret Scanner] Scanning JS target: https://catalog.ngc.nvidia.com/assets/jsx-runtime-DiK4U9sA.js
2026-07-28 11:59:00,673 [INFO] [secretfinder.py:308]: [SecretFinder JavaScript Secret Scanner] Scanning JS target: https://catalog.ngc.nvidia.com/assets/manifest-71e9da32.js
2026-07-28 11:59:02,331 [INFO] [secretfinder.py:308]: [SecretFinder JavaScript Secret Scanner] Scanning JS target: https://catalog.ngc.nvidia.com/assets/merge-refs-Cz9oeohL.js
2026-07-28 11:59:04,042 [INFO] [secretfinder.py:308]: [SecretFinder JavaScript Secret Scanner] Scanning JS target: https://catalog.ngc.nvidia.com/assets/meta-6swuAIdY.js
2026-07-28 11:59:05,813 [INFO] [secretfinder.py:308]: [SecretFinder JavaScript Secret Scanner] Scanning JS target: https://catalog.ngc.nvidia.com/assets/navigation-S_LkzhCn.js
2026-07-28 11:59:07,484 [INFO] [secretfinder.py:308]: [SecretFinder JavaScript Secret Scanner] Scanning JS target: https://catalog.ngc.nvidia.com/assets/parse-CcyFIM4G.js
2026-07-28 11:59:09,085 [INFO] [secretfinder.py:308]: [SecretFinder JavaScript Secret Scanner] Scanning JS target: https://catalog.ngc.nvidia.com/assets/preload-helper-Czpn1I53.js
2026-07-28 11:59:10,801 [INFO] [secretfinder.py:308]: [SecretFinder JavaScript Secret Scanner] Scanning JS target: https://catalog.ngc.nvidia.com/assets/react-9ZasmZpi.js
2026-07-28 11:59:12,519 [INFO] [secretfinder.py:308]: [SecretFinder JavaScript Secret Scanner] Scanning JS target: https://catalog.ngc.nvidia.com/assets/react-dom-CbJ76tum.js
2026-07-28 11:59:14,292 [INFO] [secretfinder.py:308]: [SecretFinder JavaScript Secret Scanner] Scanning JS target: https://catalog.ngc.nvidia.com/assets/redirectTo-YtcaUILT.js
2026-07-28 11:59:16,147 [INFO] [secretfinder.py:308]: [SecretFinder JavaScript Secret Scanner] Scanning JS target: https://catalog.ngc.nvidia.com/assets/replayStats-C6TwcZID.js
2026-07-28 11:59:17,772 [INFO] [secretfinder.py:308]: [SecretFinder JavaScript Secret Scanner] Scanning JS target: https://catalog.ngc.nvidia.com/assets/resources-Deq8VrhN.js
2026-07-28 11:59:20,183 [INFO] [secretfinder.py:308]: [SecretFinder JavaScript Secret Scanner] Scanning JS target: https://catalog.ngc.nvidia.com/assets/rolldown-runtime-CNC7AqOf.js
2026-07-28 11:59:21,849 [INFO] [secretfinder.py:308]: [SecretFinder JavaScript Secret Scanner] Scanning JS target: https://catalog.ngc.nvidia.com/assets/root-OeWpZy7f.js
2026-07-28 11:59:24,086 [INFO] [secretfinder.py:319]: [SecretFinder JavaScript Secret Scanner] Secret Found — 1 finding(s) in: https://catalog.ngc.nvidia.com/assets/root-OeWpZy7f.js
2026-07-28 11:59:24,086 [INFO] [secretfinder.py:308]: [SecretFinder JavaScript Secret Scanner] Scanning JS target: https://catalog.ngc.nvidia.com/assets/route-2Vl85jQr.js
2026-07-28 11:59:25,644 [INFO] [secretfinder.py:308]: [SecretFinder JavaScript Secret Scanner] Scanning JS target: https://catalog.ngc.nvidia.com/assets/route-Cl6bV3AH.js
2026-07-28 11:59:27,219 [INFO] [secretfinder.py:308]: [SecretFinder JavaScript Secret Scanner] Scanning JS target: https://catalog.ngc.nvidia.com/assets/route-f6wyzCFm.js
2026-07-28 11:59:28,939 [INFO] [secretfinder.py:308]: [SecretFinder JavaScript Secret Scanner] Scanning JS target: https://catalog.ngc.nvidia.com/assets/sanitize-href-BNghCpxt.js
2026-07-28 11:59:30,583 [INFO] [secretfinder.py:308]: [SecretFinder JavaScript Secret Scanner] Scanning JS target: https://catalog.ngc.nvidia.com/assets/staleDataStore-CDRVILgy.js
2026-07-28 11:59:32,309 [INFO] [secretfinder.py:308]: [SecretFinder JavaScript Secret Scanner] Scanning JS target: https://catalog.ngc.nvidia.com/assets/subscriptions-D4BZ0Auy.js
2026-07-28 11:59:33,893 [INFO] [secretfinder.py:308]: [SecretFinder JavaScript Secret Scanner] Scanning JS target: https://catalog.ngc.nvidia.com/assets/teamName-DFx8ZWN1.js
2026-07-28 11:59:35,502 [INFO] [secretfinder.py:308]: [SecretFinder JavaScript Secret Scanner] Scanning JS target: https://catalog.ngc.nvidia.com/assets/theme-Im5-cOc4.js
2026-07-28 11:59:37,305 [INFO] [secretfinder.py:308]: [SecretFinder JavaScript Secret Scanner] Scanning JS target: https://catalog.ngc.nvidia.com/assets/types-DdYiWeZ8.js
2026-07-28 11:59:39,364 [INFO] [secretfinder.py:308]: [SecretFinder JavaScript Secret Scanner] Scanning JS target: https://catalog.ngc.nvidia.com/assets/urls-D60ggVSq.js
2026-07-28 11:59:41,012 [INFO] [secretfinder.py:308]: [SecretFinder JavaScript Secret Scanner] Scanning JS target: https://catalog.ngc.nvidia.com/assets/use-is-ssr-CFjIOoW_.js
2026-07-28 11:59:42,654 [INFO] [secretfinder.py:308]: [SecretFinder JavaScript Secret Scanner] Scanning JS target: https://catalog.ngc.nvidia.com/assets/use-native-popover-D3MH690Z.js
2026-07-28 11:59:44,393 [INFO] [secretfinder.py:308]: [SecretFinder JavaScript Secret Scanner] Scanning JS target: https://catalog.ngc.nvidia.com/assets/use-pointer-down-outside-BVrcQxoI.js
2026-07-28 11:59:46,182 [INFO] [secretfinder.py:308]: [SecretFinder JavaScript Secret Scanner] Scanning JS target: https://catalog.ngc.nvidia.com/assets/use-roving-focus-B-ZaDjmb.js
2026-07-28 11:59:47,877 [INFO] [secretfinder.py:308]: [SecretFinder JavaScript Secret Scanner] Scanning JS target: https://catalog.ngc.nvidia.com/assets/useDebouncedSubmit-CZwCDFAF.js
2026-07-28 11:59:49,727 [INFO] [secretfinder.py:308]: [SecretFinder JavaScript Secret Scanner] Scanning JS target: https://catalog.ngc.nvidia.com/assets/useFeatureFlags-BNzbtGob.js
2026-07-28 11:59:51,337 [INFO] [secretfinder.py:308]: [SecretFinder JavaScript Secret Scanner] Scanning JS target: https://catalog.ngc.nvidia.com/assets/useResourceParams-BRagFrut.js
2026-07-28 11:59:53,730 [INFO] [secretfinder.py:308]: [SecretFinder JavaScript Secret Scanner] Scanning JS target: https://catalog.ngc.nvidia.com/assets/useRootLoaderData--0k3PoVj.js
2026-07-28 11:59:55,335 [INFO] [secretfinder.py:308]: [SecretFinder JavaScript Secret Scanner] Scanning JS target: https://catalog.ngc.nvidia.com/assets/zod-Bk9FbaTe.js
2026-07-28 11:59:56,911 [INFO] [secretfinder.py:308]: [SecretFinder JavaScript Secret Scanner] Scanning JS target: https://catalog.ngc.nvidia.com/at.js
2026-07-28 11:59:59,367 [INFO] [secretfinder.py:319]: [SecretFinder JavaScript Secret Scanner] Secret Found — 7 finding(s) in: https://catalog.ngc.nvidia.com/at.js
2026-07-28 11:59:59,367 [INFO] [secretfinder.py:308]: [SecretFinder JavaScript Secret Scanner] Scanning JS target: https://cdn-app.pathfactory.com/production/jukebox/current/jukebox.js
2026-07-28 12:00:00,477 [INFO] [secretfinder.py:319]: [SecretFinder JavaScript Secret Scanner] Secret Found — 36 finding(s) in: https://cdn-app.pathfactory.com/production/jukebox/current/jukebox.js
2026-07-28 12:00:00,477 [INFO] [secretfinder.py:308]: [SecretFinder JavaScript Secret Scanner] Scanning JS target: https://cdn.cookielaw.org/scripttemplates/otSDKStub.js
2026-07-28 12:00:00,806 [INFO] [secretfinder.py:308]: [SecretFinder JavaScript Secret Scanner] Scanning JS target: https://cdnapisec.kaltura.com/p/2935771/embedPlaykitJs/uiconf_id/47494613.js
2026-07-28 12:00:05,244 [INFO] [secretfinder.py:319]: [SecretFinder JavaScript Secret Scanner] Secret Found — 36 finding(s) in: https://cdnapisec.kaltura.com/p/2935771/embedPlaykitJs/uiconf_id/47494613.js
2026-07-28 12:00:05,244 [INFO] [secretfinder.py:308]: [SecretFinder JavaScript Secret Scanner] Scanning JS target: https://cdnjs.cloudflare.com/ajax/libs/jquery/3.6.3/jquery.min.js
2026-07-28 12:00:05,625 [INFO] [secretfinder.py:319]: [SecretFinder JavaScript Secret Scanner] Secret Found — 1 finding(s) in: https://cdnjs.cloudflare.com/ajax/libs/jquery/3.6.3/jquery.min.js
2026-07-28 12:00:05,625 [INFO] [secretfinder.py:308]: [SecretFinder JavaScript Secret Scanner] Scanning JS target: https://code.jquery.com/jquery-2.2.4.min.js
2026-07-28 12:00:05,967 [INFO] [secretfinder.py:319]: [SecretFinder JavaScript Secret Scanner] Secret Found — 1 finding(s) in: https://code.jquery.com/jquery-2.2.4.min.js
2026-07-28 12:00:05,967 [INFO] [secretfinder.py:308]: [SecretFinder JavaScript Secret Scanner] Scanning JS target: https://code.jquery.com/jquery-3.2.1.min.js
2026-07-28 12:00:06,280 [INFO] [secretfinder.py:319]: [SecretFinder JavaScript Secret Scanner] Secret Found — 1 finding(s) in: https://code.jquery.com/jquery-3.2.1.min.js
2026-07-28 12:00:06,280 [INFO] [secretfinder.py:308]: [SecretFinder JavaScript Secret Scanner] Scanning JS target: https://code.jquery.com/jquery-latest.min.js
2026-07-28 12:00:06,596 [INFO] [secretfinder.py:319]: [SecretFinder JavaScript Secret Scanner] Secret Found — 2 finding(s) in: https://code.jquery.com/jquery-latest.min.js
2026-07-28 12:00:06,596 [INFO] [secretfinder.py:308]: [SecretFinder JavaScript Secret Scanner] Scanning JS target: https://d3js.org/d3.v4.min.js
2026-07-28 12:00:07,296 [INFO] [secretfinder.py:319]: [SecretFinder JavaScript Secret Scanner] Secret Found — 13 finding(s) in: https://d3js.org/d3.v4.min.js
2026-07-28 12:00:07,296 [INFO] [secretfinder.py:308]: [SecretFinder JavaScript Secret Scanner] Scanning JS target: https://d3js.org/d3.v7.min.js
2026-07-28 12:00:07,881 [INFO] [secretfinder.py:319]: [SecretFinder JavaScript Secret Scanner] Secret Found — 15 finding(s) in: https://d3js.org/d3.v7.min.js
2026-07-28 12:00:07,881 [INFO] [secretfinder.py:308]: [SecretFinder JavaScript Secret Scanner] Scanning JS target: https://d3mey6isb8np59.cloudfront.net/nvidia/main.js
2026-07-28 12:00:09,442 [INFO] [secretfinder.py:319]: [SecretFinder JavaScript Secret Scanner] Secret Found — 8 finding(s) in: https://d3mey6isb8np59.cloudfront.net/nvidia/main.js
2026-07-28 12:00:09,442 [INFO] [secretfinder.py:308]: [SecretFinder JavaScript Secret Scanner] Scanning JS target: https://developer-blogs.nvidia.com/ja-jp/wp-content/plugins/ml-slider/assets/metaslider/script.min.js?ver=3.109.0
2026-07-28 12:00:09,840 [INFO] [secretfinder.py:308]: [SecretFinder JavaScript Secret Scanner] Scanning JS target: https://developer-blogs.nvidia.com/ja-jp/wp-content/plugins/ml-slider/assets/sliders/flexslider/jquery.flexslider.min.js?ver=3.109.0
2026-07-28 12:00:10,370 [INFO] [secretfinder.py:308]: [SecretFinder JavaScript Secret Scanner] Scanning JS target: https://developer-blogs.nvidia.com/ja-jp/wp-content/plugins/ml-slider/themes/highway/v1.0.0/script.js?ver=3.109.0
2026-07-28 12:00:10,616 [INFO] [secretfinder.py:308]: [SecretFinder JavaScript Secret Scanner] Scanning JS target: https://developer-blogs.nvidia.com/ja-jp/wp-content/plugins/nv-faceted-search/js/faceted-search/build/facetedSearchBundle.js?ver=67484da
2026-07-28 12:00:10,981 [INFO] [secretfinder.py:319]: [SecretFinder JavaScript Secret Scanner] Secret Found — 16 finding(s) in: https://developer-blogs.nvidia.com/ja-jp/wp-content/plugins/nv-faceted-search/js/faceted-search/build/facetedSearchBundle.js?ver=67484da
2026-07-28 12:00:10,981 [INFO] [secretfinder.py:308]: [SecretFinder JavaScript Secret Scanner] Scanning JS target: https://developer-blogs.nvidia.com/ja-jp/wp-content/plugins/nv-language-switcher/js/nv-language-switcher.js
2026-07-28 12:00:11,238 [INFO] [secretfinder.py:308]: [SecretFinder JavaScript Secret Scanner] Scanning JS target: https://developer-blogs.nvidia.com/ja-jp/wp-content/plugins/nv-recommender/js/dist/index.js
2026-07-28 12:00:11,828 [INFO] [secretfinder.py:319]: [SecretFinder JavaScript Secret Scanner] Secret Found — 5 finding(s) in: https://developer-blogs.nvidia.com/ja-jp/wp-content/plugins/nv-recommender/js/dist/index.js
2026-07-28 12:00:11,828 [INFO] [secretfinder.py:308]: [SecretFinder JavaScript Secret Scanner] Scanning JS target: https://developer-blogs.nvidia.com/ja-jp/wp-content/plugins/page-links-to/dist/new-tab.js?ver=3.3.5
2026-07-28 12:00:12,098 [INFO] [secretfinder.py:308]: [SecretFinder JavaScript Secret Scanner] Scanning JS target: https://developer-blogs.nvidia.com/ja-jp/wp-content/plugins/syntaxhighlighter/syntaxhighlighter3/scripts/shBrushAS3.js?ver=3.0.9b
2026-07-28 12:00:12,340 [INFO] [secretfinder.py:308]: [SecretFinder JavaScript Secret Scanner] Scanning JS target: https://developer-blogs.nvidia.com/ja-jp/wp-content/plugins/syntaxhighlighter/syntaxhighlighter3/scripts/shBrushArduino.js?ver=3.0.9b
2026-07-28 12:00:12,600 [INFO] [secretfinder.py:308]: [SecretFinder JavaScript Secret Scanner] Scanning JS target: https://developer-blogs.nvidia.com/ja-jp/wp-content/plugins/syntaxhighlighter/syntaxhighlighter3/scripts/shBrushBash.js?ver=3.0.9b
2026-07-28 12:00:12,849 [INFO] [secretfinder.py:319]: [SecretFinder JavaScript Secret Scanner] Secret Found — 1 finding(s) in: https://developer-blogs.nvidia.com/ja-jp/wp-content/plugins/syntaxhighlighter/syntaxhighlighter3/scripts/shBrushBash.js?ver=3.0.9b
2026-07-28 12:00:12,849 [INFO] [secretfinder.py:308]: [SecretFinder JavaScript Secret Scanner] Scanning JS target: https://developer-blogs.nvidia.com/ja-jp/wp-content/plugins/syntaxhighlighter/syntaxhighlighter3/scripts/shBrushCSharp.js?ver=3.0.9b
2026-07-28 12:00:13,101 [INFO] [secretfinder.py:308]: [SecretFinder JavaScript Secret Scanner] Scanning JS target: https://developer-blogs.nvidia.com/ja-jp/wp-content/plugins/syntaxhighlighter/syntaxhighlighter3/scripts/shBrushColdFusion.js?ver=3.0.9b
2026-07-28 12:00:13,641 [INFO] [secretfinder.py:308]: [SecretFinder JavaScript Secret Scanner] Scanning JS target: https://developer-blogs.nvidia.com/ja-jp/wp-content/plugins/syntaxhighlighter/syntaxhighlighter3/scripts/shBrushCpp.js?ver=3.0.9b
2026-07-28 12:00:13,907 [INFO] [secretfinder.py:308]: [SecretFinder JavaScript Secret Scanner] Scanning JS target: https://developer-blogs.nvidia.com/ja-jp/wp-content/plugins/syntaxhighlighter/syntaxhighlighter3/scripts/shBrushCss.js?ver=3.0.9b
2026-07-28 12:00:14,481 [INFO] [secretfinder.py:308]: [SecretFinder JavaScript Secret Scanner] Scanning JS target: https://developer-blogs.nvidia.com/ja-jp/wp-content/plugins/syntaxhighlighter/syntaxhighlighter3/scripts/shBrushDelphi.js?ver=3.0.9b
2026-07-28 12:00:14,990 [INFO] [secretfinder.py:308]: [SecretFinder JavaScript Secret Scanner] Scanning JS target: https://developer-blogs.nvidia.com/ja-jp/wp-content/plugins/syntaxhighlighter/syntaxhighlighter3/scripts/shBrushDiff.js?ver=3.0.9b
2026-07-28 12:00:15,474 [INFO] [secretfinder.py:308]: [SecretFinder JavaScript Secret Scanner] Scanning JS target: https://developer-blogs.nvidia.com/ja-jp/wp-content/plugins/syntaxhighlighter/syntaxhighlighter3/scripts/shBrushErlang.js?ver=3.0.9b
2026-07-28 12:00:15,997 [INFO] [secretfinder.py:308]: [SecretFinder JavaScript Secret Scanner] Scanning JS target: https://developer-blogs.nvidia.com/ja-jp/wp-content/plugins/syntaxhighlighter/syntaxhighlighter3/scripts/shBrushGo.js?ver=3.0.9b
2026-07-28 12:00:16,265 [INFO] [secretfinder.py:308]: [SecretFinder JavaScript Secret Scanner] Scanning JS target: https://developer-blogs.nvidia.com/ja-jp/wp-content/plugins/syntaxhighlighter/syntaxhighlighter3/scripts/shBrushGroovy.js?ver=3.0.9b
2026-07-28 12:00:16,540 [INFO] [secretfinder.py:308]: [SecretFinder JavaScript Secret Scanner] Scanning JS target: https://developer-blogs.nvidia.com/ja-jp/wp-content/plugins/syntaxhighlighter/syntaxhighlighter3/scripts/shBrushHaskell.js?ver=3.0.9b
2026-07-28 12:00:17,074 [INFO] [secretfinder.py:308]: [SecretFinder JavaScript Secret Scanner] Scanning JS target: https://developer-blogs.nvidia.com/ja-jp/wp-content/plugins/syntaxhighlighter/syntaxhighlighter3/scripts/shBrushJScript.js?ver=3.0.9b
2026-07-28 12:00:17,362 [INFO] [secretfinder.py:308]: [SecretFinder JavaScript Secret Scanner] Scanning JS target: https://developer-blogs.nvidia.com/ja-jp/wp-content/plugins/syntaxhighlighter/syntaxhighlighter3/scripts/shBrushJava.js?ver=3.0.9b
2026-07-28 12:00:17,684 [INFO] [secretfinder.py:308]: [SecretFinder JavaScript Secret Scanner] Scanning JS target: https://developer-blogs.nvidia.com/ja-jp/wp-content/plugins/syntaxhighlighter/syntaxhighlighter3/scripts/shBrushJavaFX.js?ver=3.0.9b
2026-07-28 12:00:17,976 [INFO] [secretfinder.py:308]: [SecretFinder JavaScript Secret Scanner] Scanning JS target: https://developer-blogs.nvidia.com/ja-jp/wp-content/plugins/syntaxhighlighter/syntaxhighlighter3/scripts/shBrushPerl.js?ver=3.0.9b
2026-07-28 12:00:18,354 [INFO] [secretfinder.py:308]: [SecretFinder JavaScript Secret Scanner] Scanning JS target: https://developer-blogs.nvidia.com/ja-jp/wp-content/plugins/syntaxhighlighter/syntaxhighlighter3/scripts/shBrushPhp.js?ver=3.0.9b
2026-07-28 12:00:18,893 [INFO] [secretfinder.py:308]: [SecretFinder JavaScript Secret Scanner] Scanning JS target: https://developer-blogs.nvidia.com/ja-jp/wp-content/plugins/syntaxhighlighter/syntaxhighlighter3/scripts/shBrushPlain.js?ver=3.0.9b
2026-07-28 12:00:19,445 [INFO] [secretfinder.py:308]: [SecretFinder JavaScript Secret Scanner] Scanning JS target: https://developer-blogs.nvidia.com/ja-jp/wp-content/plugins/syntaxhighlighter/syntaxhighlighter3/scripts/shBrushPowerShell.js?ver=3.0.9b
2026-07-28 12:00:19,703 [INFO] [secretfinder.py:308]: [SecretFinder JavaScript Secret Scanner] Scanning JS target: https://developer-blogs.nvidia.com/ja-jp/wp-content/plugins/syntaxhighlighter/syntaxhighlighter3/scripts/shBrushPython.js?ver=3.0.9b
2026-07-28 12:00:19,961 [INFO] [secretfinder.py:308]: [SecretFinder JavaScript Secret Scanner] Scanning JS target: https://developer-blogs.nvidia.com/ja-jp/wp-content/plugins/syntaxhighlighter/syntaxhighlighter3/scripts/shBrushRuby.js?ver=3.0.9b
2026-07-28 12:00:20,486 [INFO] [secretfinder.py:308]: [SecretFinder JavaScript Secret Scanner] Scanning JS target: https://developer-blogs.nvidia.com/ja-jp/wp-content/plugins/syntaxhighlighter/syntaxhighlighter3/scripts/shBrushScala.js?ver=3.0.9b
2026-07-28 12:00:20,732 [INFO] [secretfinder.py:308]: [SecretFinder JavaScript Secret Scanner] Scanning JS target: https://developer-blogs.nvidia.com/ja-jp/wp-content/plugins/syntaxhighlighter/syntaxhighlighter3/scripts/shBrushSql.js?ver=3.0.9b
2026-07-28 12:00:20,975 [INFO] [secretfinder.py:308]: [SecretFinder JavaScript Secret Scanner] Scanning JS target: https://developer-blogs.nvidia.com/ja-jp/wp-content/plugins/syntaxhighlighter/syntaxhighlighter3/scripts/shBrushSwift.js?ver=3.0.9b
2026-07-28 12:00:21,499 [INFO] [secretfinder.py:308]: [SecretFinder JavaScript Secret Scanner] Scanning JS target: https://developer-blogs.nvidia.com/ja-jp/wp-content/plugins/syntaxhighlighter/syntaxhighlighter3/scripts/shBrushVb.js?ver=3.0.9b
2026-07-28 12:00:21,742 [INFO] [secretfinder.py:308]: [SecretFinder JavaScript Secret Scanner] Scanning JS target: https://developer-blogs.nvidia.com/ja-jp/wp-content/plugins/syntaxhighlighter/syntaxhighlighter3/scripts/shBrushXml.js?ver=3.0.9b
2026-07-28 12:00:22,283 [INFO] [secretfinder.py:308]: [SecretFinder JavaScript Secret Scanner] Scanning JS target: https://developer-blogs.nvidia.com/ja-jp/wp-content/plugins/syntaxhighlighter/syntaxhighlighter3/scripts/shBrushYaml.js?ver=3.0.9b
2026-07-28 12:00:22,531 [INFO] [secretfinder.py:308]: [SecretFinder JavaScript Secret Scanner] Scanning JS target: https://developer-blogs.nvidia.com/ja-jp/wp-content/plugins/syntaxhighlighter/syntaxhighlighter3/scripts/shCore.js?ver=3.0.9b
2026-07-28 12:00:22,791 [INFO] [secretfinder.py:308]: [SecretFinder JavaScript Secret Scanner] Scanning JS target: https://developer-blogs.nvidia.com/ja-jp/wp-content/plugins/syntaxhighlighter/third-party-brushes/shBrushClojure.js?ver=20090602
2026-07-28 12:00:23,331 [INFO] [secretfinder.py:308]: [SecretFinder JavaScript Secret Scanner] Scanning JS target: https://developer-blogs.nvidia.com/ja-jp/wp-content/plugins/syntaxhighlighter/third-party-brushes/shBrushFSharp.js?ver=20091003
2026-07-28 12:00:23,581 [INFO] [secretfinder.py:308]: [SecretFinder JavaScript Secret Scanner] Scanning JS target: https://developer-blogs.nvidia.com/ja-jp/wp-content/plugins/syntaxhighlighter/third-party-brushes/shBrushLatex.js?ver=20090613
2026-07-28 12:00:23,862 [INFO] [secretfinder.py:308]: [SecretFinder JavaScript Secret Scanner] Scanning JS target: https://developer-blogs.nvidia.com/ja-jp/wp-content/plugins/syntaxhighlighter/third-party-brushes/shBrushMatlabKey.js?ver=20091209
2026-07-28 12:00:24,428 [INFO] [secretfinder.py:308]: [SecretFinder JavaScript Secret Scanner] Scanning JS target: https://developer-blogs.nvidia.com/ja-jp/wp-content/plugins/syntaxhighlighter/third-party-brushes/shBrushObjC.js?ver=20091207
2026-07-28 12:00:24,783 [INFO] [secretfinder.py:308]: [SecretFinder JavaScript Secret Scanner] Scanning JS target: https://developer-blogs.nvidia.com/ja-jp/wp-content/plugins/syntaxhighlighter/third-party-brushes/shBrushR.js?ver=20100919
2026-07-28 12:00:25,092 [INFO] [secretfinder.py:308]: [SecretFinder JavaScript Secret Scanner] Scanning JS target: https://developer-blogs.nvidia.com/ja-jp/wp-content/plugins/wp-discourse/js/load-comments.js?ver=1785179228
2026-07-28 12:00:26,259 [INFO] [secretfinder.py:308]: [SecretFinder JavaScript Secret Scanner] Scanning JS target: https://developer-blogs.nvidia.com/ja-jp/wp-content/plugins/wp-special-textboxes/js/client.js?ver=6.2.6
2026-07-28 12:00:26,808 [INFO] [secretfinder.py:308]: [SecretFinder JavaScript Secret Scanner] Scanning JS target: https://developer-blogs.nvidia.com/ja-jp/wp-content/plugins/wp-ulike/assets/js/wp-ulike.min.js?ver=5.0.3
2026-07-28 12:00:27,083 [INFO] [secretfinder.py:308]: [SecretFinder JavaScript Secret Scanner] Scanning JS target: https://developer-blogs.nvidia.com/ja-jp/wp-content/themes/nvidia/dist/scripts/main_5b67153c.js
2026-07-28 12:00:27,449 [INFO] [secretfinder.py:319]: [SecretFinder JavaScript Secret Scanner] Secret Found — 5 finding(s) in: https://developer-blogs.nvidia.com/ja-jp/wp-content/themes/nvidia/dist/scripts/main_5b67153c.js
2026-07-28 12:00:27,449 [INFO] [secretfinder.py:308]: [SecretFinder JavaScript Secret Scanner] Scanning JS target: https://developer-blogs.nvidia.com/ja-jp/wp-content/themes/nvidia/resources/assets/libs/nv-developer-menu/nv-developer-menu.js?ver=1.0.0
2026-07-28 12:00:27,762 [INFO] [secretfinder.py:319]: [SecretFinder JavaScript Secret Scanner] Secret Found — 1 finding(s) in: https://developer-blogs.nvidia.com/ja-jp/wp-content/themes/nvidia/resources/assets/libs/nv-developer-menu/nv-developer-menu.js?ver=1.0.0
2026-07-28 12:00:27,762 [INFO] [secretfinder.py:308]: [SecretFinder JavaScript Secret Scanner] Scanning JS target: https://developer-blogs.nvidia.com/ja-jp/wp-content/themes/nvidia/resources/assets/scripts/munchkin.js?ver=1785179228
2026-07-28 12:00:28,270 [INFO] [secretfinder.py:308]: [SecretFinder JavaScript Secret Scanner] Scanning JS target: https://developer-blogs.nvidia.com/ja-jp/wp-content/themes/nvidia/resources/assets/scripts/user-dropdown.js?ver=1785179228
2026-07-28 12:00:28,808 [INFO] [secretfinder.py:308]: [SecretFinder JavaScript Secret Scanner] Scanning JS target: https://developer-blogs.nvidia.com/ja-jp/wp-includes/js/dist/vendor/lodash.min.js?ver=4.18.1
2026-07-28 12:00:29,131 [INFO] [secretfinder.py:308]: [SecretFinder JavaScript Secret Scanner] Scanning JS target: https://developer-blogs.nvidia.com/ja-jp/wp-includes/js/jquery/jquery-migrate.min.js?ver=3.4.1
2026-07-28 12:00:29,689 [INFO] [secretfinder.py:308]: [SecretFinder JavaScript Secret Scanner] Scanning JS target: https://developer-blogs.nvidia.com/ja-jp/wp-includes/js/jquery/jquery.min.js?ver=3.7.1
2026-07-28 12:00:30,020 [INFO] [secretfinder.py:319]: [SecretFinder JavaScript Secret Scanner] Secret Found — 1 finding(s) in: https://developer-blogs.nvidia.com/ja-jp/wp-includes/js/jquery/jquery.min.js?ver=3.7.1
2026-07-28 12:00:30,021 [INFO] [secretfinder.py:308]: [SecretFinder JavaScript Secret Scanner] Scanning JS target: https://developer-blogs.nvidia.com/ja-jp/wp-includes/js/wp-emoji-loader.min.js
2026-07-28 12:00:30,609 [INFO] [secretfinder.py:308]: [SecretFinder JavaScript Secret Scanner] Scanning JS target: https://developer-blogs.nvidia.com/ja-jp/wp-includes/js/wp-emoji-release.min.js?ver=7.0.2
2026-07-28 12:00:31,163 [INFO] [secretfinder.py:308]: [SecretFinder JavaScript Secret Scanner] Scanning JS target: https://developer-blogs.nvidia.com/wp-content/plugins/autoptimize/classes/external/js/lazysizes.min.js?ao_version=3.1.15.1
2026-07-28 12:00:31,424 [INFO] [secretfinder.py:308]: [SecretFinder JavaScript Secret Scanner] Scanning JS target: https://developer-blogs.nvidia.com/wp-content/plugins/ml-slider/assets/metaslider/script.min.js?ver=3.109.0
2026-07-28 12:00:31,667 [INFO] [secretfinder.py:308]: [SecretFinder JavaScript Secret Scanner] Scanning JS target: https://developer-blogs.nvidia.com/wp-content/plugins/ml-slider/assets/sliders/flexslider/jquery.flexslider.min.js?ver=3.109.0
2026-07-28 12:00:31,948 [INFO] [secretfinder.py:308]: [SecretFinder JavaScript Secret Scanner] Scanning JS target: https://developer-blogs.nvidia.com/wp-content/plugins/ml-slider/themes/highway/v1.0.0/script.js?ver=3.109.0
2026-07-28 12:00:32,194 [INFO] [secretfinder.py:308]: [SecretFinder JavaScript Secret Scanner] Scanning JS target: https://developer-blogs.nvidia.com/wp-content/plugins/nv-language-switcher/js/nv-language-switcher.js
2026-07-28 12:00:32,452 [INFO] [secretfinder.py:308]: [SecretFinder JavaScript Secret Scanner] Scanning JS target: https://developer-blogs.nvidia.com/wp-content/plugins/nv-recommender/js/dist/index.js
2026-07-28 12:00:32,816 [INFO] [secretfinder.py:319]: [SecretFinder JavaScript Secret Scanner] Secret Found — 5 finding(s) in: https://developer-blogs.nvidia.com/wp-content/plugins/nv-recommender/js/dist/index.js
2026-07-28 12:00:32,816 [INFO] [secretfinder.py:308]: [SecretFinder JavaScript Secret Scanner] Scanning JS target: https://developer-blogs.nvidia.com/wp-content/plugins/page-links-to/dist/new-tab.js?ver=3.3.5
2026-07-28 12:00:33,134 [INFO] [secretfinder.py:308]: [SecretFinder JavaScript Secret Scanner] Scanning JS target: https://developer-blogs.nvidia.com/wp-content/plugins/solr-power/assets/js/facet.min.js?ver=7.0.2
2026-07-28 12:00:33,440 [INFO] [secretfinder.py:308]: [SecretFinder JavaScript Secret Scanner] Scanning JS target: https://developer-blogs.nvidia.com/wp-content/plugins/wp-discourse/js/load-comments.js?ver=1785179223
2026-07-28 12:00:33,694 [INFO] [secretfinder.py:308]: [SecretFinder JavaScript Secret Scanner] Scanning JS target: https://developer-blogs.nvidia.com/wp-content/plugins/wp-discourse/js/load-comments.js?ver=1785179224
2026-07-28 12:00:33,954 [INFO] [secretfinder.py:308]: [SecretFinder JavaScript Secret Scanner] Scanning JS target: https://developer-blogs.nvidia.com/wp-content/plugins/wp-special-textboxes/js/client.js?ver=6.2.6
2026-07-28 12:00:34,195 [INFO] [secretfinder.py:308]: [SecretFinder JavaScript Secret Scanner] Scanning JS target: https://developer-blogs.nvidia.com/wp-content/plugins/wp-ulike/assets/js/wp-ulike.min.js?ver=5.0.3
2026-07-28 12:00:34,453 [INFO] [secretfinder.py:308]: [SecretFinder JavaScript Secret Scanner] Scanning JS target: https://developer-blogs.nvidia.com/wp-content/themes/nvidia/dist/scripts/filter-preselect_5b67153c.js
2026-07-28 12:00:34,710 [INFO] [secretfinder.py:308]: [SecretFinder JavaScript Secret Scanner] Scanning JS target: https://developer-blogs.nvidia.com/wp-content/themes/nvidia/dist/scripts/main_5b67153c.js
2026-07-28 12:00:35,062 [INFO] [secretfinder.py:319]: [SecretFinder JavaScript Secret Scanner] Secret Found — 5 finding(s) in: https://developer-blogs.nvidia.com/wp-content/themes/nvidia/dist/scripts/main_5b67153c.js
2026-07-28 12:00:35,063 [INFO] [secretfinder.py:308]: [SecretFinder JavaScript Secret Scanner] Scanning JS target: https://developer-blogs.nvidia.com/wp-content/themes/nvidia/resources/assets/libs/nv-developer-menu/nv-developer-menu.js?ver=1.0.0
2026-07-28 12:00:35,401 [INFO] [secretfinder.py:319]: [SecretFinder JavaScript Secret Scanner] Secret Found — 1 finding(s) in: https://developer-blogs.nvidia.com/wp-content/themes/nvidia/resources/assets/libs/nv-developer-menu/nv-developer-menu.js?ver=1.0.0
2026-07-28 12:00:35,401 [INFO] [secretfinder.py:308]: [SecretFinder JavaScript Secret Scanner] Scanning JS target: https://developer-blogs.nvidia.com/wp-content/themes/nvidia/resources/assets/scripts/munchkin.js?ver=1785179223
2026-07-28 12:00:35,688 [INFO] [secretfinder.py:308]: [SecretFinder JavaScript Secret Scanner] Scanning JS target: https://developer-blogs.nvidia.com/wp-content/themes/nvidia/resources/assets/scripts/munchkin.js?ver=1785179225
2026-07-28 12:00:35,968 [INFO] [secretfinder.py:308]: [SecretFinder JavaScript Secret Scanner] Scanning JS target: https://developer-blogs.nvidia.com/wp-content/themes/nvidia/resources/assets/scripts/user-dropdown.js?ver=1785179223
2026-07-28 12:00:36,369 [INFO] [secretfinder.py:308]: [SecretFinder JavaScript Secret Scanner] Scanning JS target: https://developer-blogs.nvidia.com/wp-content/themes/nvidia/resources/assets/scripts/user-dropdown.js?ver=1785179225
2026-07-28 12:00:36,654 [INFO] [secretfinder.py:308]: [SecretFinder JavaScript Secret Scanner] Scanning JS target: https://developer-blogs.nvidia.com/wp-includes/js/dist/vendor/lodash.min.js?ver=4.18.1
2026-07-28 12:00:36,989 [INFO] [secretfinder.py:308]: [SecretFinder JavaScript Secret Scanner] Scanning JS target: https://developer-blogs.nvidia.com/wp-includes/js/jquery/jquery-migrate.min.js?ver=3.4.1
2026-07-28 12:00:37,308 [INFO] [secretfinder.py:308]: [SecretFinder JavaScript Secret Scanner] Scanning JS target: https://developer-blogs.nvidia.com/wp-includes/js/jquery/jquery.min.js?ver=3.7.1
2026-07-28 12:00:37,610 [INFO] [secretfinder.py:319]: [SecretFinder JavaScript Secret Scanner] Secret Found — 1 finding(s) in: https://developer-blogs.nvidia.com/wp-includes/js/jquery/jquery.min.js?ver=3.7.1
2026-07-28 12:00:37,610 [INFO] [secretfinder.py:308]: [SecretFinder JavaScript Secret Scanner] Scanning JS target: https://developer.download.nvidia.com/scripts/typesense.js
2026-07-28 12:00:40,034 [INFO] [secretfinder.py:319]: [SecretFinder JavaScript Secret Scanner] Secret Found — 2 finding(s) in: https://developer.download.nvidia.com/scripts/typesense.js
2026-07-28 12:00:40,034 [INFO] [secretfinder.py:308]: [SecretFinder JavaScript Secret Scanner] Scanning JS target: https://developer.nvidia.com/assets/bootstrap/5.1.3/bootstrap.bundle.min-51ad1d8cab4ebd9873a0429f5e67ca717a71fd96daf8025bc04a88848e5b375c.js
2026-07-28 12:00:41,164 [INFO] [secretfinder.py:319]: [SecretFinder JavaScript Secret Scanner] Secret Found — 2 finding(s) in: https://developer.nvidia.com/assets/bootstrap/5.1.3/bootstrap.bundle.min-51ad1d8cab4ebd9873a0429f5e67ca717a71fd96daf8025bc04a88848e5b375c.js
2026-07-28 12:00:41,164 [INFO] [secretfinder.py:308]: [SecretFinder JavaScript Secret Scanner] Scanning JS target: https://developer.nvidia.com/assets/calendar-256ba38a1da92b24c057388ff6623eddd4cf1498f51d1a389cc4dfac501ab87c.js
2026-07-28 12:00:41,837 [INFO] [secretfinder.py:308]: [SecretFinder JavaScript Secret Scanner] Scanning JS target: https://developer.nvidia.com/assets/devzone3/modules/nvidia_editor/nod_widgets-8c38a7d04ed3c3acd9117aa126bf76d7902d3c57c72b76dbf3c281c96ed09975.js
2026-07-28 12:00:42,705 [INFO] [secretfinder.py:308]: [SecretFinder JavaScript Secret Scanner] Scanning JS target: https://developer.nvidia.com/assets/devzone3/new/dist/dz3-new-bundle-5e5224f77427893f6e6e8928b699298c96fb16292431055f18e740803e7ddea8.js
2026-07-28 12:00:43,735 [INFO] [secretfinder.py:319]: [SecretFinder JavaScript Secret Scanner] Secret Found — 2 finding(s) in: https://developer.nvidia.com/assets/devzone3/new/dist/dz3-new-bundle-5e5224f77427893f6e6e8928b699298c96fb16292431055f18e740803e7ddea8.js
2026-07-28 12:00:43,735 [INFO] [secretfinder.py:308]: [SecretFinder JavaScript Secret Scanner] Scanning JS target: https://developer.nvidia.com/assets/devzone3/new/popper.min-a9eb3f3101919a18965114cfdcd0138652ec03b2b58cfb26806f9a256564c858.js
2026-07-28 12:00:44,411 [INFO] [secretfinder.py:308]: [SecretFinder JavaScript Secret Scanner] Scanning JS target: https://developer.nvidia.com/assets/devzone3/old/dist/dz3-old-bundle-ed61b6a81d7c675ba7c54a1fe5dcfb2a960f17c5509388a7300f48a98f8dc751.js
2026-07-28 12:00:45,371 [INFO] [secretfinder.py:308]: [SecretFinder JavaScript Secret Scanner] Scanning JS target: https://developer.nvidia.com/assets/devzone3/old/js.cookie.min-bd09df6e81cb21935c4e92d9631a162285611f17c6eaee720cafcc6ddef3f7dc.js
2026-07-28 12:00:46,114 [INFO] [secretfinder.py:308]: [SecretFinder JavaScript Secret Scanner] Scanning JS target: https://developer.nvidia.com/assets/feed-aggregator/feed-aggregator-7f147443abc2d1300a239c29e4ba3ca0d0d2eb0dc66b608765e2b3be50e18e10.js
2026-07-28 12:01:16,783 [INFO] [secretfinder.py:319]: [SecretFinder JavaScript Secret Scanner] Secret Found — 1 finding(s) in: https://developer.nvidia.com/assets/feed-aggregator/feed-aggregator-7f147443abc2d1300a239c29e4ba3ca0d0d2eb0dc66b608765e2b3be50e18e10.js
2026-07-28 12:01:16,783 [INFO] [secretfinder.py:308]: [SecretFinder JavaScript Secret Scanner] Scanning JS target: https://developer.nvidia.com/assets/grapesjs-code-container-d9f9220defaa8a53ba3e8b7a6b1d155f6a1e5e5b37b9fa2282a7ace75bc60ae2.js
2026-07-28 12:01:17,447 [INFO] [secretfinder.py:308]: [SecretFinder JavaScript Secret Scanner] Scanning JS target: https://developer.nvidia.com/assets/grapesjs-tabs-f0b094476ecf56695b765f533e437303138b1e0824d993c50ff672e16dcccd8f.js
2026-07-28 12:01:18,646 [INFO] [secretfinder.py:308]: [SecretFinder JavaScript Secret Scanner] Scanning JS target: https://developer.nvidia.com/assets/horizontal-chart/d3.v4.min-41cfecdf7c41476e805de7afacf4aacdd1a4be6947fbecf95217e947ebc2faf5.js
2026-07-28 12:01:19,761 [INFO] [secretfinder.py:319]: [SecretFinder JavaScript Secret Scanner] Secret Found — 13 finding(s) in: https://developer.nvidia.com/assets/horizontal-chart/d3.v4.min-41cfecdf7c41476e805de7afacf4aacdd1a4be6947fbecf95217e947ebc2faf5.js
2026-07-28 12:01:19,761 [INFO] [secretfinder.py:308]: [SecretFinder JavaScript Secret Scanner] Scanning JS target: https://developer.nvidia.com/assets/horizontal-chart/visualize-d-16cf14d4b63d6031e6c18983e91ac6d2b1b1f8140d15e351a9c847f8610b7e5b.js
2026-07-28 12:01:20,605 [INFO] [secretfinder.py:308]: [SecretFinder JavaScript Secret Scanner] Scanning JS target: https://developer.nvidia.com/assets/hoverable-tooltip-06658c1c074450575999f586a2be4df71fb000fa8fbc3eec0955c1484012c593.js
2026-07-28 12:01:21,260 [INFO] [secretfinder.py:308]: [SecretFinder JavaScript Secret Scanner] Scanning JS target: https://developer.nvidia.com/assets/legacy-chart/d3.v4.min-41cfecdf7c41476e805de7afacf4aacdd1a4be6947fbecf95217e947ebc2faf5.js
2026-07-28 12:01:22,378 [INFO] [secretfinder.py:319]: [SecretFinder JavaScript Secret Scanner] Secret Found — 13 finding(s) in: https://developer.nvidia.com/assets/legacy-chart/d3.v4.min-41cfecdf7c41476e805de7afacf4aacdd1a4be6947fbecf95217e947ebc2faf5.js
2026-07-28 12:01:22,378 [INFO] [secretfinder.py:308]: [SecretFinder JavaScript Secret Scanner] Scanning JS target: https://developer.nvidia.com/assets/legacy-chart/visualize-d-6a082dca95b2facd89f05ef138213cffea2419e9195042f6ceed4aa706943cb1.js
2026-07-28 12:01:23,084 [INFO] [secretfinder.py:308]: [SecretFinder JavaScript Secret Scanner] Scanning JS target: https://developer.nvidia.com/assets/momentjs/moment-b955adb4137f92dd932ff2c3179ce60cb5e1daed5fcc4423f95cf17df02b4d68.js
2026-07-28 12:01:23,923 [INFO] [secretfinder.py:319]: [SecretFinder JavaScript Secret Scanner] Secret Found — 3 finding(s) in: https://developer.nvidia.com/assets/momentjs/moment-b955adb4137f92dd932ff2c3179ce60cb5e1daed5fcc4423f95cf17df02b4d68.js
2026-07-28 12:01:23,923 [INFO] [secretfinder.py:308]: [SecretFinder JavaScript Secret Scanner] Scanning JS target: https://developer.nvidia.com/assets/momentjs/moment-timezone-with-data-10-year-range-dd05517070a46fa0052f9e706803d57a4fc38c1a223137ab480369e6308ba8d4.js
2026-07-28 12:01:24,613 [INFO] [secretfinder.py:308]: [SecretFinder JavaScript Secret Scanner] Scanning JS target: https://developer.nvidia.com/assets/nv-alert/nv-alert-2fcf4faf418bd05dbbfc6d06c67713fd512ff67b25b6059be61edd35a7bcc0ed.js
2026-07-28 12:01:25,273 [INFO] [secretfinder.py:308]: [SecretFinder JavaScript Secret Scanner] Scanning JS target: https://developer.nvidia.com/assets/nv-developer-menu-c88ee4614adbf7a100e9a74ffafb4d2c78601cff8c61752d42de9d8ba1b5d769.js
2026-07-28 12:01:26,115 [INFO] [secretfinder.py:319]: [SecretFinder JavaScript Secret Scanner] Secret Found — 1 finding(s) in: https://developer.nvidia.com/assets/nv-developer-menu-c88ee4614adbf7a100e9a74ffafb4d2c78601cff8c61752d42de9d8ba1b5d769.js
2026-07-28 12:01:26,115 [INFO] [secretfinder.py:308]: [SecretFinder JavaScript Secret Scanner] Scanning JS target: https://developer.nvidia.com/assets/nv-gallery-widget-d1571cad15d961fd3ba013f57119be04a2adf32aa31b16be44a0f10f4671c37b.js
2026-07-28 12:01:26,763 [INFO] [secretfinder.py:308]: [SecretFinder JavaScript Secret Scanner] Scanning JS target: https://developer.nvidia.com/assets/sf-validation/moment-620a5949fff0ad37198f07464b91d7b7c110ecdb6f94ca90ca7d2e1b471f1da8.js
2026-07-28 12:01:27,551 [INFO] [secretfinder.py:319]: [SecretFinder JavaScript Secret Scanner] Secret Found — 3 finding(s) in: https://developer.nvidia.com/assets/sf-validation/moment-620a5949fff0ad37198f07464b91d7b7c110ecdb6f94ca90ca7d2e1b471f1da8.js
2026-07-28 12:01:27,551 [INFO] [secretfinder.py:308]: [SecretFinder JavaScript Secret Scanner] Scanning JS target: https://developer.nvidia.com/assets/sf-validation/validate.min-2160a65c1b5d4a5966544ad25af8fe99f11c636a99c516fee6c7afd3b1f21409.js
2026-07-28 12:01:28,287 [INFO] [secretfinder.py:308]: [SecretFinder JavaScript Secret Scanner] Scanning JS target: https://developer.nvidia.com/assets/tablefilter/tablefilter-e8295498b8f34d53fbb98264abcc88fb72c57915ee6a13b15361d5df0127ebbb.js
2026-07-28 12:01:29,194 [INFO] [secretfinder.py:308]: [SecretFinder JavaScript Secret Scanner] Scanning JS target: https://developer.nvidia.com/assets/twentytwenty/js/jquery.event.move-16041d2e384b513c1b202af51fc404a0643b8c38ff823bb4326520ad5a82b761.js
2026-07-28 12:01:29,863 [INFO] [secretfinder.py:308]: [SecretFinder JavaScript Secret Scanner] Scanning JS target: https://developer.nvidia.com/assets/twentytwenty/js/jquery.twentytwenty-835622257095d5bd0719a5484d68213ccc8708a321dd3deded777d1e6623b499.js
2026-07-28 12:01:30,495 [INFO] [secretfinder.py:308]: [SecretFinder JavaScript Secret Scanner] Scanning JS target: https://developer.nvidia.com/blog/category/data-science/sage/filter-preselect.js
2026-07-28 12:01:33,126 [INFO] [secretfinder.py:319]: [SecretFinder JavaScript Secret Scanner] Secret Found — 6 finding(s) in: https://developer.nvidia.com/blog/category/data-science/sage/filter-preselect.js
2026-07-28 12:01:33,126 [INFO] [secretfinder.py:308]: [SecretFinder JavaScript Secret Scanner] Scanning JS target: https://developer.nvidia.com/blog/category/data-science/sage/main.js
2026-07-28 12:01:34,931 [INFO] [secretfinder.py:319]: [SecretFinder JavaScript Secret Scanner] Secret Found — 6 finding(s) in: https://developer.nvidia.com/blog/category/data-science/sage/main.js
2026-07-28 12:01:34,931 [INFO] [secretfinder.py:308]: [SecretFinder JavaScript Secret Scanner] Scanning JS target: https://developer.nvidia.com/blog/category/robotics/sage/filter-preselect.js
2026-07-28 12:01:36,676 [INFO] [secretfinder.py:319]: [SecretFinder JavaScript Secret Scanner] Secret Found — 6 finding(s) in: https://developer.nvidia.com/blog/category/robotics/sage/filter-preselect.js
2026-07-28 12:01:36,676 [INFO] [secretfinder.py:308]: [SecretFinder JavaScript Secret Scanner] Scanning JS target: https://developer.nvidia.com/blog/category/robotics/sage/main.js
2026-07-28 12:01:38,241 [INFO] [secretfinder.py:319]: [SecretFinder JavaScript Secret Scanner] Secret Found — 4 finding(s) in: https://developer.nvidia.com/blog/category/robotics/sage/main.js
2026-07-28 12:01:38,241 [INFO] [secretfinder.py:308]: [SecretFinder JavaScript Secret Scanner] Scanning JS target: https://developer.nvidia.com/blog/search-posts/sage/main.js
2026-07-28 12:01:39,953 [INFO] [secretfinder.py:319]: [SecretFinder JavaScript Secret Scanner] Secret Found — 6 finding(s) in: https://developer.nvidia.com/blog/search-posts/sage/main.js
2026-07-28 12:01:39,953 [INFO] [secretfinder.py:308]: [SecretFinder JavaScript Secret Scanner] Scanning JS target: https://developer.nvidia.com/ja-jp/sage/main.js
2026-07-28 12:01:41,678 [INFO] [secretfinder.py:319]: [SecretFinder JavaScript Secret Scanner] Secret Found — 3 finding(s) in: https://developer.nvidia.com/ja-jp/sage/main.js
2026-07-28 12:01:41,678 [INFO] [secretfinder.py:308]: [SecretFinder JavaScript Secret Scanner] Scanning JS target: https://developer.nvidia.com/ja-jp/sage/recommender.js
2026-07-28 12:01:42,839 [INFO] [secretfinder.py:319]: [SecretFinder JavaScript Secret Scanner] Secret Found — 3 finding(s) in: https://developer.nvidia.com/ja-jp/sage/recommender.js
2026-07-28 12:01:42,840 [INFO] [secretfinder.py:308]: [SecretFinder JavaScript Secret Scanner] Scanning JS target: https://developer.nvidia.com/packs/js/1252-8ecaa37a655b20945baa.js
2026-07-28 12:01:43,709 [INFO] [secretfinder.py:308]: [SecretFinder JavaScript Secret Scanner] Scanning JS target: https://developer.nvidia.com/packs/js/2104-1205c85fc37800ded6a3.js
2026-07-28 12:01:44,667 [INFO] [secretfinder.py:319]: [SecretFinder JavaScript Secret Scanner] Secret Found — 17 finding(s) in: https://developer.nvidia.com/packs/js/2104-1205c85fc37800ded6a3.js
2026-07-28 12:01:44,667 [INFO] [secretfinder.py:308]: [SecretFinder JavaScript Secret Scanner] Scanning JS target: https://developer.nvidia.com/packs/js/2681-d317b4e683473b6fe74d.js
2026-07-28 12:01:45,533 [INFO] [secretfinder.py:319]: [SecretFinder JavaScript Secret Scanner] Secret Found — 5 finding(s) in: https://developer.nvidia.com/packs/js/2681-d317b4e683473b6fe74d.js
2026-07-28 12:01:45,533 [INFO] [secretfinder.py:308]: [SecretFinder JavaScript Secret Scanner] Scanning JS target: https://developer.nvidia.com/packs/js/4622-0f5e83f2067789287ec7.js
2026-07-28 12:01:46,245 [INFO] [secretfinder.py:308]: [SecretFinder JavaScript Secret Scanner] Scanning JS target: https://developer.nvidia.com/packs/js/4692-a478c93816dbe985b4fa.js
2026-07-28 12:01:46,952 [INFO] [secretfinder.py:319]: [SecretFinder JavaScript Secret Scanner] Secret Found — 1 finding(s) in: https://developer.nvidia.com/packs/js/4692-a478c93816dbe985b4fa.js
2026-07-28 12:01:46,952 [INFO] [secretfinder.py:308]: [SecretFinder JavaScript Secret Scanner] Scanning JS target: https://developer.nvidia.com/packs/js/486-4ee95e78721864401fdd.js
2026-07-28 12:01:48,795 [INFO] [secretfinder.py:319]: [SecretFinder JavaScript Secret Scanner] Secret Found — 52 finding(s) in: https://developer.nvidia.com/packs/js/486-4ee95e78721864401fdd.js
2026-07-28 12:01:48,796 [INFO] [secretfinder.py:308]: [SecretFinder JavaScript Secret Scanner] Scanning JS target: https://developer.nvidia.com/packs/js/6900-06759c19ec8c9a99401a.js
2026-07-28 12:01:49,530 [INFO] [secretfinder.py:319]: [SecretFinder JavaScript Secret Scanner] Secret Found — 2 finding(s) in: https://developer.nvidia.com/packs/js/6900-06759c19ec8c9a99401a.js
2026-07-28 12:01:49,530 [INFO] [secretfinder.py:308]: [SecretFinder JavaScript Secret Scanner] Scanning JS target: https://developer.nvidia.com/packs/js/8311-bc04e55c282e625862a2.js
2026-07-28 12:01:50,161 [INFO] [secretfinder.py:308]: [SecretFinder JavaScript Secret Scanner] Scanning JS target: https://developer.nvidia.com/packs/js/8465-34d1ba762d9cdeef15fb.js
2026-07-28 12:01:50,811 [INFO] [secretfinder.py:319]: [SecretFinder JavaScript Secret Scanner] Secret Found — 1 finding(s) in: https://developer.nvidia.com/packs/js/8465-34d1ba762d9cdeef15fb.js
2026-07-28 12:01:50,812 [INFO] [secretfinder.py:308]: [SecretFinder JavaScript Secret Scanner] Scanning JS target: https://developer.nvidia.com/packs/js/8726-22e112d2c4254c5e6617.js
2026-07-28 12:01:53,908 [INFO] [secretfinder.py:319]: [SecretFinder JavaScript Secret Scanner] Secret Found — 9 finding(s) in: https://developer.nvidia.com/packs/js/8726-22e112d2c4254c5e6617.js
2026-07-28 12:01:53,909 [INFO] [secretfinder.py:308]: [SecretFinder JavaScript Secret Scanner] Scanning JS target: https://developer.nvidia.com/packs/js/8823-1bca151f7e292c3ba6e8.js
2026-07-28 12:01:54,534 [INFO] [secretfinder.py:308]: [SecretFinder JavaScript Secret Scanner] Scanning JS target: https://developer.nvidia.com/packs/js/9878-ace6038de3dd10e07189.js
2026-07-28 12:01:55,932 [INFO] [secretfinder.py:319]: [SecretFinder JavaScript Secret Scanner] Secret Found — 41 finding(s) in: https://developer.nvidia.com/packs/js/9878-ace6038de3dd10e07189.js
2026-07-28 12:01:55,932 [INFO] [secretfinder.py:308]: [SecretFinder JavaScript Secret Scanner] Scanning JS target: https://developer.nvidia.com/packs/js/application-bbf37a840d3012083b7a.js
2026-07-28 12:01:56,541 [INFO] [secretfinder.py:308]: [SecretFinder JavaScript Secret Scanner] Scanning JS target: https://developer.nvidia.com/packs/js/ls_track-2e73cf990bfafea2d9d1.js
2026-07-28 12:01:57,155 [INFO] [secretfinder.py:308]: [SecretFinder JavaScript Secret Scanner] Scanning JS target: https://developer.nvidia.com/packs/js/nv-modal-41e3aaa6b0a1fa03b65c.js
2026-07-28 12:01:57,873 [INFO] [secretfinder.py:308]: [SecretFinder JavaScript Secret Scanner] Scanning JS target: https://developer.nvidia.com/packs/js/runtime-69f8104525d1541ca92d.js
2026-07-28 12:01:58,510 [INFO] [secretfinder.py:308]: [SecretFinder JavaScript Secret Scanner] Scanning JS target: https://developer.nvidia.com/sage/main.js
2026-07-28 12:01:59,740 [INFO] [secretfinder.py:319]: [SecretFinder JavaScript Secret Scanner] Secret Found — 3 finding(s) in: https://developer.nvidia.com/sage/main.js
2026-07-28 12:01:59,740 [INFO] [secretfinder.py:308]: [SecretFinder JavaScript Secret Scanner] Scanning JS target: https://developer.nvidia.com/sage/recommender.js
2026-07-28 12:02:00,870 [INFO] [secretfinder.py:319]: [SecretFinder JavaScript Secret Scanner] Secret Found — 3 finding(s) in: https://developer.nvidia.com/sage/recommender.js
2026-07-28 12:02:00,870 [INFO] [secretfinder.py:308]: [SecretFinder JavaScript Secret Scanner] Scanning JS target: https://forums.developer.nvidia.com/highlight-js/forums.developer.nvidia.com/600885de53a0c5dcaf15540b83e94aafa44c5313.js
2026-07-28 12:02:03,567 [INFO] [secretfinder.py:319]: [SecretFinder JavaScript Secret Scanner] Secret Found — 1 finding(s) in: https://forums.developer.nvidia.com/highlight-js/forums.developer.nvidia.com/600885de53a0c5dcaf15540b83e94aafa44c5313.js
2026-07-28 12:02:03,567 [INFO] [secretfinder.py:308]: [SecretFinder JavaScript Secret Scanner] Scanning JS target: https://forums.developer.nvidia.com/svg-sprite/forums.developer.nvidia.com/svg-13-7e481976015e8d7983665d0935434e62fdde972f.js
2026-07-28 12:02:06,499 [INFO] [secretfinder.py:308]: [SecretFinder JavaScript Secret Scanner] Scanning JS target: https://github.com/algolia/autocomplete.js
2026-07-28 12:02:08,367 [INFO] [secretfinder.py:319]: [SecretFinder JavaScript Secret Scanner] Secret Found — 34 finding(s) in: https://github.com/algolia/autocomplete.js
2026-07-28 12:02:08,367 [INFO] [secretfinder.py:308]: [SecretFinder JavaScript Secret Scanner] Scanning JS target: https://global.discourse-cdn.com/nvidia/assets/gz/browser-detect-47cf9e6d.js
2026-07-28 12:02:08,808 [INFO] [secretfinder.py:308]: [SecretFinder JavaScript Secret Scanner] Scanning JS target: https://global.discourse-cdn.com/nvidia/assets/gz/browser-update-91688f13.js
2026-07-28 12:02:09,104 [INFO] [secretfinder.py:308]: [SecretFinder JavaScript Secret Scanner] Scanning JS target: https://global.discourse-cdn.com/nvidia/assets/gz/chunk-87y4pirj.digested.js
2026-07-28 12:02:09,370 [INFO] [secretfinder.py:308]: [SecretFinder JavaScript Secret Scanner] Scanning JS target: https://global.discourse-cdn.com/nvidia/assets/gz/chunk-b08bvv15.digested.js
2026-07-28 12:02:09,630 [INFO] [secretfinder.py:308]: [SecretFinder JavaScript Secret Scanner] Scanning JS target: https://global.discourse-cdn.com/nvidia/assets/gz/chunk-by9tgp8z.digested.js
2026-07-28 12:02:09,982 [INFO] [secretfinder.py:319]: [SecretFinder JavaScript Secret Scanner] Secret Found — 5 finding(s) in: https://global.discourse-cdn.com/nvidia/assets/gz/chunk-by9tgp8z.digested.js
2026-07-28 12:02:09,982 [INFO] [secretfinder.py:308]: [SecretFinder JavaScript Secret Scanner] Scanning JS target: https://global.discourse-cdn.com/nvidia/assets/gz/chunk-bz19itl6.digested.js
2026-07-28 12:02:10,259 [INFO] [secretfinder.py:308]: [SecretFinder JavaScript Secret Scanner] Scanning JS target: https://global.discourse-cdn.com/nvidia/assets/gz/chunk-bz82g8lx.digested.js
2026-07-28 12:02:10,614 [INFO] [secretfinder.py:319]: [SecretFinder JavaScript Secret Scanner] Secret Found — 2 finding(s) in: https://global.discourse-cdn.com/nvidia/assets/gz/chunk-bz82g8lx.digested.js
2026-07-28 12:02:10,614 [INFO] [secretfinder.py:308]: [SecretFinder JavaScript Secret Scanner] Scanning JS target: https://global.discourse-cdn.com/nvidia/assets/gz/chunk-c9o9v9mv.digested.js
2026-07-28 12:02:12,562 [INFO] [secretfinder.py:319]: [SecretFinder JavaScript Secret Scanner] Secret Found — 9 finding(s) in: https://global.discourse-cdn.com/nvidia/assets/gz/chunk-c9o9v9mv.digested.js
2026-07-28 12:02:12,562 [INFO] [secretfinder.py:308]: [SecretFinder JavaScript Secret Scanner] Scanning JS target: https://global.discourse-cdn.com/nvidia/assets/gz/chunk-cmcczmfb.digested.js
2026-07-28 12:02:13,018 [INFO] [secretfinder.py:308]: [SecretFinder JavaScript Secret Scanner] Scanning JS target: https://global.discourse-cdn.com/nvidia/assets/gz/chunk-f0bs8s7k.digested.js
2026-07-28 12:02:13,444 [INFO] [secretfinder.py:308]: [SecretFinder JavaScript Secret Scanner] Scanning JS target: https://global.discourse-cdn.com/nvidia/assets/gz/chunk-fb1hpdig.digested.js
2026-07-28 12:02:13,737 [INFO] [secretfinder.py:308]: [SecretFinder JavaScript Secret Scanner] Scanning JS target: https://global.discourse-cdn.com/nvidia/assets/gz/chunk-g060yfwm.digested.js
2026-07-28 12:02:14,092 [INFO] [secretfinder.py:308]: [SecretFinder JavaScript Secret Scanner] Scanning JS target: https://global.discourse-cdn.com/nvidia/assets/gz/chunk-kzds8qh6.digested.js
2026-07-28 12:02:14,604 [INFO] [secretfinder.py:319]: [SecretFinder JavaScript Secret Scanner] Secret Found — 3 finding(s) in: https://global.discourse-cdn.com/nvidia/assets/gz/chunk-kzds8qh6.digested.js
2026-07-28 12:02:14,604 [INFO] [secretfinder.py:308]: [SecretFinder JavaScript Secret Scanner] Scanning JS target: https://global.discourse-cdn.com/nvidia/assets/gz/chunk-ln9q81id.digested.js
2026-07-28 12:02:14,927 [INFO] [secretfinder.py:308]: [SecretFinder JavaScript Secret Scanner] Scanning JS target: https://global.discourse-cdn.com/nvidia/assets/gz/chunk-mkq1pa73.digested.js
2026-07-28 12:02:15,255 [INFO] [secretfinder.py:308]: [SecretFinder JavaScript Secret Scanner] Scanning JS target: https://global.discourse-cdn.com/nvidia/assets/gz/chunk-msd0gdro.digested.js
2026-07-28 12:02:15,616 [INFO] [secretfinder.py:308]: [SecretFinder JavaScript Secret Scanner] Scanning JS target: https://global.discourse-cdn.com/nvidia/assets/gz/chunk-mzbwlz1h.digested.js
2026-07-28 12:02:15,936 [INFO] [secretfinder.py:308]: [SecretFinder JavaScript Secret Scanner] Scanning JS target: https://global.discourse-cdn.com/nvidia/assets/gz/chunk-n7y2ta0c.digested.js
2026-07-28 12:02:16,264 [INFO] [secretfinder.py:308]: [SecretFinder JavaScript Secret Scanner] Scanning JS target: https://global.discourse-cdn.com/nvidia/assets/gz/chunk-nm1hg8nz.digested.js
2026-07-28 12:02:16,562 [INFO] [secretfinder.py:308]: [SecretFinder JavaScript Secret Scanner] Scanning JS target: https://global.discourse-cdn.com/nvidia/assets/gz/chunk-pd5tza7q.digested.js
2026-07-28 12:02:17,077 [INFO] [secretfinder.py:319]: [SecretFinder JavaScript Secret Scanner] Secret Found — 8 finding(s) in: https://global.discourse-cdn.com/nvidia/assets/gz/chunk-pd5tza7q.digested.js
2026-07-28 12:02:17,077 [INFO] [secretfinder.py:308]: [SecretFinder JavaScript Secret Scanner] Scanning JS target: https://global.discourse-cdn.com/nvidia/assets/gz/discourse-e0107frj.digested.js
2026-07-28 12:02:19,128 [INFO] [secretfinder.py:319]: [SecretFinder JavaScript Secret Scanner] Secret Found — 118 finding(s) in: https://global.discourse-cdn.com/nvidia/assets/gz/discourse-e0107frj.digested.js
2026-07-28 12:02:19,128 [INFO] [secretfinder.py:308]: [SecretFinder JavaScript Secret Scanner] Scanning JS target: https://global.discourse-cdn.com/nvidia/assets/gz/google-tag-manager-bcfc67c4.js
2026-07-28 12:02:19,500 [INFO] [secretfinder.py:308]: [SecretFinder JavaScript Secret Scanner] Scanning JS target: https://global.discourse-cdn.com/nvidia/assets/gz/plugins/automation_main.BfUt15-gtmsa7oi.digested.js
2026-07-28 12:02:19,906 [INFO] [secretfinder.py:308]: [SecretFinder JavaScript Secret Scanner] Scanning JS target: https://global.discourse-cdn.com/nvidia/assets/gz/plugins/checklist_main.Dnck2r-82sxtd83.digested.js
2026-07-28 12:02:20,279 [INFO] [secretfinder.py:308]: [SecretFinder JavaScript Secret Scanner] Scanning JS target: https://global.discourse-cdn.com/nvidia/assets/gz/plugins/discourse-ai_chunk.CIm3Zu-9qx3hf9x.digested.js
2026-07-28 12:02:20,687 [INFO] [secretfinder.py:319]: [SecretFinder JavaScript Secret Scanner] Secret Found — 1 finding(s) in: https://global.discourse-cdn.com/nvidia/assets/gz/plugins/discourse-ai_chunk.CIm3Zu-9qx3hf9x.digested.js
2026-07-28 12:02:20,687 [INFO] [secretfinder.py:308]: [SecretFinder JavaScript Secret Scanner] Scanning JS target: https://global.discourse-cdn.com/nvidia/assets/gz/plugins/discourse-ai_main.BRqGhl-9qx3hf9x.digested.js
2026-07-28 12:02:21,183 [INFO] [secretfinder.py:319]: [SecretFinder JavaScript Secret Scanner] Secret Found — 2 finding(s) in: https://global.discourse-cdn.com/nvidia/assets/gz/plugins/discourse-ai_main.BRqGhl-9qx3hf9x.digested.js
2026-07-28 12:02:21,183 [INFO] [secretfinder.py:308]: [SecretFinder JavaScript Secret Scanner] Scanning JS target: https://global.discourse-cdn.com/nvidia/assets/gz/plugins/discourse-akismet_main.CfkKPX-pctu82q7.digested.js
2026-07-28 12:02:21,556 [INFO] [secretfinder.py:319]: [SecretFinder JavaScript Secret Scanner] Secret Found — 1 finding(s) in: https://global.discourse-cdn.com/nvidia/assets/gz/plugins/discourse-akismet_main.CfkKPX-pctu82q7.digested.js
2026-07-28 12:02:21,556 [INFO] [secretfinder.py:308]: [SecretFinder JavaScript Secret Scanner] Scanning JS target: https://global.discourse-cdn.com/nvidia/assets/gz/plugins/discourse-antivirus_main.CTBiVa-k5f2f6ln.digested.js
2026-07-28 12:02:22,013 [INFO] [secretfinder.py:308]: [SecretFinder JavaScript Secret Scanner] Scanning JS target: https://global.discourse-cdn.com/nvidia/assets/gz/plugins/discourse-assign_main.Calwtq-r88onvk1.digested.js
2026-07-28 12:02:22,531 [INFO] [secretfinder.py:319]: [SecretFinder JavaScript Secret Scanner] Secret Found — 1 finding(s) in: https://global.discourse-cdn.com/nvidia/assets/gz/plugins/discourse-assign_main.Calwtq-r88onvk1.digested.js
2026-07-28 12:02:22,532 [INFO] [secretfinder.py:308]: [SecretFinder JavaScript Secret Scanner] Scanning JS target: https://global.discourse-cdn.com/nvidia/assets/gz/plugins/discourse-bcc_main.CtMFRG-htiktarw.digested.js
2026-07-28 12:02:23,016 [INFO] [secretfinder.py:308]: [SecretFinder JavaScript Secret Scanner] Scanning JS target: https://global.discourse-cdn.com/nvidia/assets/gz/plugins/discourse-cakeday_main.lMWxCC-bfvwkg9b.digested.js
2026-07-28 12:02:23,443 [INFO] [secretfinder.py:308]: [SecretFinder JavaScript Secret Scanner] Scanning JS target: https://global.discourse-cdn.com/nvidia/assets/gz/plugins/discourse-calendar_main.CKhvh7-o1h6dm7e.digested.js
2026-07-28 12:02:24,012 [INFO] [secretfinder.py:319]: [SecretFinder JavaScript Secret Scanner] Secret Found — 2 finding(s) in: https://global.discourse-cdn.com/nvidia/assets/gz/plugins/discourse-calendar_main.CKhvh7-o1h6dm7e.digested.js
2026-07-28 12:02:24,012 [INFO] [secretfinder.py:308]: [SecretFinder JavaScript Secret Scanner] Scanning JS target: https://global.discourse-cdn.com/nvidia/assets/gz/plugins/discourse-chat-integration_main.ByruDk-th4ln6sz.digested.js
2026-07-28 12:02:24,297 [INFO] [secretfinder.py:308]: [SecretFinder JavaScript Secret Scanner] Scanning JS target: https://global.discourse-cdn.com/nvidia/assets/gz/plugins/discourse-data-explorer_chunk.BcFPJW-clqerk90.digested.js
2026-07-28 12:02:24,611 [INFO] [secretfinder.py:308]: [SecretFinder JavaScript Secret Scanner] Scanning JS target: https://global.discourse-cdn.com/nvidia/assets/gz/plugins/discourse-data-explorer_main.dlgfQA-clqerk90.digested.js
2026-07-28 12:02:24,884 [INFO] [secretfinder.py:308]: [SecretFinder JavaScript Secret Scanner] Scanning JS target: https://global.discourse-cdn.com/nvidia/assets/gz/plugins/discourse-deprecation-collector_main.BACzJ8-i3940h5u.digested.js
2026-07-28 12:02:25,137 [INFO] [secretfinder.py:308]: [SecretFinder JavaScript Secret Scanner] Scanning JS target: https://global.discourse-cdn.com/nvidia/assets/gz/plugins/discourse-details_main.lGTwKB-aqonwcta.digested.js
2026-07-28 12:02:25,429 [INFO] [secretfinder.py:308]: [SecretFinder JavaScript Secret Scanner] Scanning JS target: https://global.discourse-cdn.com/nvidia/assets/gz/plugins/discourse-docs_main.CamamM-n1v6c4v7.digested.js
2026-07-28 12:02:25,742 [INFO] [secretfinder.py:319]: [SecretFinder JavaScript Secret Scanner] Secret Found — 1 finding(s) in: https://global.discourse-cdn.com/nvidia/assets/gz/plugins/discourse-docs_main.CamamM-n1v6c4v7.digested.js
2026-07-28 12:02:25,742 [INFO] [secretfinder.py:308]: [SecretFinder JavaScript Secret Scanner] Scanning JS target: https://global.discourse-cdn.com/nvidia/assets/gz/plugins/discourse-github_main.CHR2S2-gf96g25h.digested.js
2026-07-28 12:02:26,074 [INFO] [secretfinder.py:308]: [SecretFinder JavaScript Secret Scanner] Scanning JS target: https://global.discourse-cdn.com/nvidia/assets/gz/plugins/discourse-jira_main.CpAo6w-owyyk7l9.digested.js
2026-07-28 12:02:26,340 [INFO] [secretfinder.py:308]: [SecretFinder JavaScript Secret Scanner] Scanning JS target: https://global.discourse-cdn.com/nvidia/assets/gz/plugins/discourse-lazy-videos_main.CECGJj-au8ttevq.digested.js
2026-07-28 12:02:26,624 [INFO] [secretfinder.py:308]: [SecretFinder JavaScript Secret Scanner] Scanning JS target: https://global.discourse-cdn.com/nvidia/assets/gz/plugins/discourse-local-dates_main.Bs8DnV-8pj61krq.digested.js
2026-07-28 12:02:26,928 [INFO] [secretfinder.py:308]: [SecretFinder JavaScript Secret Scanner] Scanning JS target: https://global.discourse-cdn.com/nvidia/assets/gz/plugins/discourse-policy_main.CB-7TN-f052n77h.digested.js
2026-07-28 12:02:27,210 [INFO] [secretfinder.py:308]: [SecretFinder JavaScript Secret Scanner] Scanning JS target: https://global.discourse-cdn.com/nvidia/assets/gz/plugins/discourse-presence_main.CBkyxg-mqkd019l.digested.js
2026-07-28 12:02:27,477 [INFO] [secretfinder.py:308]: [SecretFinder JavaScript Secret Scanner] Scanning JS target: https://global.discourse-cdn.com/nvidia/assets/gz/plugins/discourse-reactions_main.CL9FP0-alxkilxd.digested.js
2026-07-28 12:02:27,795 [INFO] [secretfinder.py:319]: [SecretFinder JavaScript Secret Scanner] Secret Found — 4 finding(s) in: https://global.discourse-cdn.com/nvidia/assets/gz/plugins/discourse-reactions_main.CL9FP0-alxkilxd.digested.js
2026-07-28 12:02:27,796 [INFO] [secretfinder.py:308]: [SecretFinder JavaScript Secret Scanner] Scanning JS target: https://global.discourse-cdn.com/nvidia/assets/gz/plugins/discourse-solved_main.c0CSSu-7zfz6z2g.digested.js
2026-07-28 12:02:28,101 [INFO] [secretfinder.py:319]: [SecretFinder JavaScript Secret Scanner] Secret Found — 1 finding(s) in: https://global.discourse-cdn.com/nvidia/assets/gz/plugins/discourse-solved_main.c0CSSu-7zfz6z2g.digested.js
2026-07-28 12:02:28,101 [INFO] [secretfinder.py:308]: [SecretFinder JavaScript Secret Scanner] Scanning JS target: https://global.discourse-cdn.com/nvidia/assets/gz/plugins/discourse-templates_main.CoGQ1f-1u0cvu0t.digested.js
2026-07-28 12:02:28,355 [INFO] [secretfinder.py:308]: [SecretFinder JavaScript Secret Scanner] Scanning JS target: https://global.discourse-cdn.com/nvidia/assets/gz/plugins/discourse-topic-voting_main.hvRMj--5ejgl5q9.digested.js
2026-07-28 12:02:28,628 [INFO] [secretfinder.py:308]: [SecretFinder JavaScript Secret Scanner] Scanning JS target: https://global.discourse-cdn.com/nvidia/assets/gz/plugins/discourse-translator_main.0k-wTp-487q1s75.digested.js
2026-07-28 12:02:28,899 [INFO] [secretfinder.py:308]: [SecretFinder JavaScript Secret Scanner] Scanning JS target: https://global.discourse-cdn.com/nvidia/assets/gz/plugins/discourse-user-notes_chunk.Cc3vLU-22eqlgx7.digested.js
2026-07-28 12:02:29,180 [INFO] [secretfinder.py:308]: [SecretFinder JavaScript Secret Scanner] Scanning JS target: https://global.discourse-cdn.com/nvidia/assets/gz/plugins/discourse-user-notes_main.F1WCyI-22eqlgx7.digested.js
2026-07-28 12:02:29,476 [INFO] [secretfinder.py:308]: [SecretFinder JavaScript Secret Scanner] Scanning JS target: https://global.discourse-cdn.com/nvidia/assets/gz/plugins/discourse-yearly-review_main.Cyyo7p-e3s18qp9.digested.js
2026-07-28 12:02:29,752 [INFO] [secretfinder.py:319]: [SecretFinder JavaScript Secret Scanner] Secret Found — 1 finding(s) in: https://global.discourse-cdn.com/nvidia/assets/gz/plugins/discourse-yearly-review_main.Cyyo7p-e3s18qp9.digested.js
2026-07-28 12:02:29,752 [INFO] [secretfinder.py:308]: [SecretFinder JavaScript Secret Scanner] Scanning JS target: https://global.discourse-cdn.com/nvidia/assets/gz/plugins/footnote_main.Do25Vy-8aekxt7f.digested.js
2026-07-28 12:02:30,018 [INFO] [secretfinder.py:308]: [SecretFinder JavaScript Secret Scanner] Scanning JS target: https://global.discourse-cdn.com/nvidia/assets/gz/plugins/hosted-site_chunk.BbCVk_-m58rmyap.digested.js
2026-07-28 12:02:30,274 [INFO] [secretfinder.py:308]: [SecretFinder JavaScript Secret Scanner] Scanning JS target: https://global.discourse-cdn.com/nvidia/assets/gz/plugins/hosted-site_main.Drta7t-m58rmyap.digested.js
2026-07-28 12:02:30,579 [INFO] [secretfinder.py:319]: [SecretFinder JavaScript Secret Scanner] Secret Found — 9 finding(s) in: https://global.discourse-cdn.com/nvidia/assets/gz/plugins/hosted-site_main.Drta7t-m58rmyap.digested.js
2026-07-28 12:02:30,580 [INFO] [secretfinder.py:308]: [SecretFinder JavaScript Secret Scanner] Scanning JS target: https://global.discourse-cdn.com/nvidia/assets/gz/plugins/poll_main.C9vFlJ-l8o881ef.digested.js
2026-07-28 12:02:31,051 [INFO] [secretfinder.py:308]: [SecretFinder JavaScript Secret Scanner] Scanning JS target: https://global.discourse-cdn.com/nvidia/assets/gz/plugins/spoiler-alert_main.xZKoHK-g4iojv97.digested.js
2026-07-28 12:02:31,386 [INFO] [secretfinder.py:308]: [SecretFinder JavaScript Secret Scanner] Scanning JS target: https://global.discourse-cdn.com/nvidia/assets/gz/vendor-gvfzcitk.digested.js
2026-07-28 12:02:31,743 [INFO] [secretfinder.py:308]: [SecretFinder JavaScript Secret Scanner] Scanning JS target: https://global.discourse-cdn.com/nvidia/assets/plugins/footnote_extra-95ffab71.js
2026-07-28 12:02:32,115 [INFO] [secretfinder.py:308]: [SecretFinder JavaScript Secret Scanner] Scanning JS target: https://images.nvidia.com/aem-dam/Solutions/ot-js/ot-custom.js
2026-07-28 12:02:33,251 [INFO] [secretfinder.py:319]: [SecretFinder JavaScript Secret Scanner] Secret Found — 3 finding(s) in: https://images.nvidia.com/aem-dam/Solutions/ot-js/ot-custom.js
2026-07-28 12:02:33,252 [INFO] [secretfinder.py:308]: [SecretFinder JavaScript Secret Scanner] Scanning JS target: https://images.nvidia.com/aem-dam/en-us/navigation-0.7.js
2026-07-28 12:02:34,235 [INFO] [secretfinder.py:319]: [SecretFinder JavaScript Secret Scanner] Secret Found — 12 finding(s) in: https://images.nvidia.com/aem-dam/en-us/navigation-0.7.js
2026-07-28 12:02:34,235 [INFO] [secretfinder.py:308]: [SecretFinder JavaScript Secret Scanner] Scanning JS target: https://images.nvidia.com/aem-dam/en-us/navigation-v3.3.0.js?ver=3.3.0
2026-07-28 12:02:35,768 [INFO] [secretfinder.py:319]: [SecretFinder JavaScript Secret Scanner] Secret Found — 15 finding(s) in: https://images.nvidia.com/aem-dam/en-us/navigation-v3.3.0.js?ver=3.3.0
2026-07-28 12:02:35,768 [INFO] [secretfinder.py:308]: [SecretFinder JavaScript Secret Scanner] Scanning JS target: https://images.nvidia.com/aem-dam/en-zz/Solutions/industries/resources-component/bundle-resources-spring2023.js
2026-07-28 12:02:36,607 [INFO] [secretfinder.py:319]: [SecretFinder JavaScript Secret Scanner] Secret Found — 5 finding(s) in: https://images.nvidia.com/aem-dam/en-zz/Solutions/industries/resources-component/bundle-resources-spring2023.js
2026-07-28 12:02:36,607 [INFO] [secretfinder.py:308]: [SecretFinder JavaScript Secret Scanner] Scanning JS target: https://images.nvidia.com/aem-dam/en-zz/Solutions/industries/use-case-component/bundle-v3.js
2026-07-28 12:02:41,851 [INFO] [secretfinder.py:319]: [SecretFinder JavaScript Secret Scanner] Secret Found — 6 finding(s) in: https://images.nvidia.com/aem-dam/en-zz/Solutions/industries/use-case-component/bundle-v3.js
2026-07-28 12:02:41,851 [INFO] [secretfinder.py:308]: [SecretFinder JavaScript Secret Scanner] Scanning JS target: https://images.nvidia.com/etc/designs/nvidiaGDC/clientlibs_base/external/autocomplete.js
2026-07-28 12:02:45,307 [INFO] [secretfinder.py:308]: [SecretFinder JavaScript Secret Scanner] Scanning JS target: https://images.nvidia.com/etc/designs/nvidiaGDC/clientlibs_base/external/autocomplete.min.js
2026-07-28 12:02:45,869 [INFO] [secretfinder.py:308]: [SecretFinder JavaScript Secret Scanner] Scanning JS target: https://images.nvidia.com/gtc/modernizr.min.js
2026-07-28 12:02:46,394 [INFO] [secretfinder.py:308]: [SecretFinder JavaScript Secret Scanner] Scanning JS target: https://images.nvidia.com/nv-story-tool/commons/react-header-footer-v2.js
2026-07-28 12:02:47,128 [INFO] [secretfinder.py:319]: [SecretFinder JavaScript Secret Scanner] Secret Found — 5 finding(s) in: https://images.nvidia.com/nv-story-tool/commons/react-header-footer-v2.js
2026-07-28 12:02:47,128 [INFO] [secretfinder.py:308]: [SecretFinder JavaScript Secret Scanner] Scanning JS target: https://images.nvidia.com/nv-story-tool/commons/react-header-footer.js
2026-07-28 12:02:51,600 [INFO] [secretfinder.py:319]: [SecretFinder JavaScript Secret Scanner] Secret Found — 5 finding(s) in: https://images.nvidia.com/nv-story-tool/commons/react-header-footer.js
2026-07-28 12:02:51,600 [INFO] [secretfinder.py:308]: [SecretFinder JavaScript Secret Scanner] Scanning JS target: https://images.nvidia.com/nv-story-tool/nv-story-09132023/js/slides.min.js?611360
2026-07-28 12:02:52,409 [INFO] [secretfinder.py:308]: [SecretFinder JavaScript Secret Scanner] Scanning JS target: https://images.nvidia.com/nv-story-tool/nv-story-1012/js/custom_PpHhr6fZ.js?p=Og5JyLeI
2026-07-28 12:02:53,132 [INFO] [secretfinder.py:308]: [SecretFinder JavaScript Secret Scanner] Scanning JS target: https://images.nvidia.com/nv-story-tool/nv-story-1012/js/slides.min.js?60360
2026-07-28 12:02:53,961 [INFO] [secretfinder.py:308]: [SecretFinder JavaScript Secret Scanner] Scanning JS target: https://images.nvidia.com/nv-story-tool/nv-story-1012/js/swiper.min.js
2026-07-28 12:02:54,867 [INFO] [secretfinder.py:308]: [SecretFinder JavaScript Secret Scanner] Scanning JS target: https://info.nvidia.com/js/forms2/js/forms2.min.js?ver=1.1.0.1
2026-07-28 12:02:56,405 [INFO] [secretfinder.py:319]: [SecretFinder JavaScript Secret Scanner] Secret Found — 1 finding(s) in: https://info.nvidia.com/js/forms2/js/forms2.min.js?ver=1.1.0.1
2026-07-28 12:02:56,405 [INFO] [secretfinder.py:308]: [SecretFinder JavaScript Secret Scanner] Scanning JS target: https://info.nvidia.com/rs/156-OFN-742/images/businessemailvalidation.js?ver=1.1.0.1
2026-07-28 12:02:56,914 [INFO] [secretfinder.py:319]: [SecretFinder JavaScript Secret Scanner] Secret Found — 1 finding(s) in: https://info.nvidia.com/rs/156-OFN-742/images/businessemailvalidation.js?ver=1.1.0.1
2026-07-28 12:02:56,914 [INFO] [secretfinder.py:308]: [SecretFinder JavaScript Secret Scanner] Scanning JS target: https://munchkin.marketo.net/munchkin.js
2026-07-28 12:02:57,574 [INFO] [secretfinder.py:308]: [SecretFinder JavaScript Secret Scanner] Scanning JS target: https://sea2.discourse-cdn.com/nvidia/extra-locales/0ffe7a21317d2af4f704e60d5a6802a6b9fa84f4/en/mf.js?__ws=forums.developer.nvidia.com
2026-07-28 12:02:58,042 [INFO] [secretfinder.py:308]: [SecretFinder JavaScript Secret Scanner] Scanning JS target: https://sea2.discourse-cdn.com/nvidia/extra-locales/42c8e36317eb10cfdf91be607b4586cb9383e271/en/overrides.js?__ws=forums.developer.nvidia.com
2026-07-28 12:02:58,399 [INFO] [secretfinder.py:308]: [SecretFinder JavaScript Secret Scanner] Scanning JS target: https://sea2.discourse-cdn.com/nvidia/extra-locales/5f9ca1a060758bb72975d78bbee71d31937976b6/en/main.js
2026-07-28 12:02:58,970 [INFO] [secretfinder.py:319]: [SecretFinder JavaScript Secret Scanner] Secret Found — 47 finding(s) in: https://sea2.discourse-cdn.com/nvidia/extra-locales/5f9ca1a060758bb72975d78bbee71d31937976b6/en/main.js
2026-07-28 12:02:58,970 [INFO] [secretfinder.py:308]: [SecretFinder JavaScript Secret Scanner] Scanning JS target: https://sea2.discourse-cdn.com/nvidia/theme-javascripts/044f92471f328855db23d740ae81d3a49baf2699.js?__ws=forums.developer.nvidia.com
2026-07-28 12:02:59,257 [INFO] [secretfinder.py:308]: [SecretFinder JavaScript Secret Scanner] Scanning JS target: https://sea2.discourse-cdn.com/nvidia/theme-javascripts/2a4497a9334e07a7926799434fc22dc6f6d86b04.js?__ws=forums.developer.nvidia.com
2026-07-28 12:02:59,522 [INFO] [secretfinder.py:308]: [SecretFinder JavaScript Secret Scanner] Scanning JS target: https://sea2.discourse-cdn.com/nvidia/theme-javascripts/367a09d165fec4f28e5d838e1ea9db576c0ec205.js?__ws=forums.developer.nvidia.com
2026-07-28 12:02:59,782 [INFO] [secretfinder.py:308]: [SecretFinder JavaScript Secret Scanner] Scanning JS target: https://sea2.discourse-cdn.com/nvidia/theme-javascripts/460363e4e0e07a9a39091d87681027851dafffe8.js?__ws=forums.developer.nvidia.com
2026-07-28 12:03:00,042 [INFO] [secretfinder.py:308]: [SecretFinder JavaScript Secret Scanner] Scanning JS target: https://sea2.discourse-cdn.com/nvidia/theme-javascripts/4adbb2281503dd6bac6bb3dd146a4e43c2d8fd7c.js?__ws=forums.developer.nvidia.com
2026-07-28 12:03:00,312 [INFO] [secretfinder.py:308]: [SecretFinder JavaScript Secret Scanner] Scanning JS target: https://sea2.discourse-cdn.com/nvidia/theme-javascripts/5b41ad2cce59cd163a56c0d25d27f7bc66dcbda0.js?__ws=forums.developer.nvidia.com
2026-07-28 12:03:00,566 [INFO] [secretfinder.py:308]: [SecretFinder JavaScript Secret Scanner] Scanning JS target: https://sea2.discourse-cdn.com/nvidia/theme-javascripts/63be9bfb9dfef7a3be77390480e9a8991a7a21ed.js?__ws=forums.developer.nvidia.com
2026-07-28 12:03:00,833 [INFO] [secretfinder.py:308]: [SecretFinder JavaScript Secret Scanner] Scanning JS target: https://sea2.discourse-cdn.com/nvidia/theme-javascripts/960d9541065d97ce82be69014404ea7a9a639f27.js?__ws=forums.developer.nvidia.com\\\
2026-07-28 12:03:01,387 [INFO] [secretfinder.py:308]: [SecretFinder JavaScript Secret Scanner] Scanning JS target: https://sea2.discourse-cdn.com/nvidia/theme-javascripts/9bd76635e244261f95991d38cae5cf7890912c27.js?__ws=forums.developer.nvidia.com
2026-07-28 12:03:01,742 [INFO] [secretfinder.py:308]: [SecretFinder JavaScript Secret Scanner] Scanning JS target: https://sea2.discourse-cdn.com/nvidia/theme-javascripts/a4261e0718adf62c8f00f57c52ade746da0dd5ed.js?__ws=forums.developer.nvidia.com
2026-07-28 12:03:02,011 [INFO] [secretfinder.py:308]: [SecretFinder JavaScript Secret Scanner] Scanning JS target: https://sea2.discourse-cdn.com/nvidia/theme-javascripts/a747380d3fa955e35313f46987e6249d3c650d41.js?__ws=forums.developer.nvidia.com
2026-07-28 12:03:02,275 [INFO] [secretfinder.py:308]: [SecretFinder JavaScript Secret Scanner] Scanning JS target: https://shop.nvidia.com/shield-buy-now/buy-now.1.0.min.js
2026-07-28 12:04:03,734 [ERROR] [secretfinder.py:396]: [SecretFinder JavaScript Secret Scanner] Timeout (60s) scanning: https://shop.nvidia.com/shield-buy-now/buy-now.1.0.min.js
2026-07-28 12:04:03,734 [INFO] [secretfinder.py:308]: [SecretFinder JavaScript Secret Scanner] Scanning JS target: https://static-login.nvidia.com/service/default/assets/DeviceConfirmation-B342HAeV.js
2026-07-28 12:04:04,548 [INFO] [secretfinder.py:308]: [SecretFinder JavaScript Secret Scanner] Scanning JS target: https://static-login.nvidia.com/service/default/assets/EmailPicker-ClqgygQd.js
2026-07-28 12:04:05,129 [INFO] [secretfinder.py:308]: [SecretFinder JavaScript Secret Scanner] Scanning JS target: https://static-login.nvidia.com/service/default/assets/LoginResult-6cR0JT4R.js
2026-07-28 12:04:05,714 [INFO] [secretfinder.py:308]: [SecretFinder JavaScript Secret Scanner] Scanning JS target: https://static-login.nvidia.com/service/default/assets/LogoutResult-9KTvoP06.js
2026-07-28 12:04:07,297 [INFO] [secretfinder.py:308]: [SecretFinder JavaScript Secret Scanner] Scanning JS target: https://static-login.nvidia.com/service/default/assets/LogoutStart-CQGi4Nhm.js
2026-07-28 12:04:08,015 [INFO] [secretfinder.py:308]: [SecretFinder JavaScript Secret Scanner] Scanning JS target: https://static-login.nvidia.com/service/default/assets/UserCodeSubmission-CkMt7fb-.js
2026-07-28 12:04:08,646 [INFO] [secretfinder.py:308]: [SecretFinder JavaScript Secret Scanner] Scanning JS target: https://static-login.nvidia.com/service/default/assets/UserConsents-ByFvQWIw.js
2026-07-28 12:04:09,228 [INFO] [secretfinder.py:308]: [SecretFinder JavaScript Secret Scanner] Scanning JS target: https://static-login.nvidia.com/service/default/assets/ar-SA-9L2V_-tu.js
2026-07-28 12:04:10,820 [INFO] [secretfinder.py:308]: [SecretFinder JavaScript Secret Scanner] Scanning JS target: https://static-login.nvidia.com/service/default/assets/assets/DeviceConfirmation-B342HAeV.js
2026-07-28 12:04:12,900 [INFO] [secretfinder.py:308]: [SecretFinder JavaScript Secret Scanner] Scanning JS target: https://static-login.nvidia.com/service/default/assets/assets/EmailPicker-ClqgygQd.js
2026-07-28 12:04:15,123 [INFO] [secretfinder.py:308]: [SecretFinder JavaScript Secret Scanner] Scanning JS target: https://static-login.nvidia.com/service/default/assets/assets/UserCodeSubmission-CkMt7fb-.js
2026-07-28 12:04:18,548 [INFO] [secretfinder.py:308]: [SecretFinder JavaScript Secret Scanner] Scanning JS target: https://static-login.nvidia.com/service/default/assets/assets/UserConsents-ByFvQWIw.js
2026-07-28 12:04:20,562 [INFO] [secretfinder.py:308]: [SecretFinder JavaScript Secret Scanner] Scanning JS target: https://static-login.nvidia.com/service/default/assets/bg-BG-BAvew2gc.js
2026-07-28 12:04:21,444 [INFO] [secretfinder.py:308]: [SecretFinder JavaScript Secret Scanner] Scanning JS target: https://static-login.nvidia.com/service/default/assets/cs-CZ-DcmXM-jG.js
2026-07-28 12:04:22,363 [INFO] [secretfinder.py:308]: [SecretFinder JavaScript Secret Scanner] Scanning JS target: https://static-login.nvidia.com/service/default/assets/da-DK-D81keVT8.js
2026-07-28 12:04:24,023 [INFO] [secretfinder.py:308]: [SecretFinder JavaScript Secret Scanner] Scanning JS target: https://static-login.nvidia.com/service/default/assets/de-DE-ChpF3yeg.js
2026-07-28 12:04:25,412 [INFO] [secretfinder.py:308]: [SecretFinder JavaScript Secret Scanner] Scanning JS target: https://static-login.nvidia.com/service/default/assets/el-GR-CnniB5ni.js
2026-07-28 12:04:26,999 [INFO] [secretfinder.py:308]: [SecretFinder JavaScript Secret Scanner] Scanning JS target: https://static-login.nvidia.com/service/default/assets/en-GB-D6aOsYMn.js
2026-07-28 12:04:27,777 [INFO] [secretfinder.py:308]: [SecretFinder JavaScript Secret Scanner] Scanning JS target: https://static-login.nvidia.com/service/default/assets/en-US-C129cca4.js
2026-07-28 12:04:28,530 [INFO] [secretfinder.py:308]: [SecretFinder JavaScript Secret Scanner] Scanning JS target: https://static-login.nvidia.com/service/default/assets/es-ES-B39L2kLk.js
2026-07-28 12:04:30,861 [INFO] [secretfinder.py:308]: [SecretFinder JavaScript Secret Scanner] Scanning JS target: https://static-login.nvidia.com/service/default/assets/es-MX-DIm-wy98.js
2026-07-28 12:04:32,142 [INFO] [secretfinder.py:308]: [SecretFinder JavaScript Secret Scanner] Scanning JS target: https://static-login.nvidia.com/service/default/assets/fi-FI-CZgaPwcg.js
2026-07-28 12:04:33,740 [INFO] [secretfinder.py:308]: [SecretFinder JavaScript Secret Scanner] Scanning JS target: https://static-login.nvidia.com/service/default/assets/fr-FR-DrQry8l0.js
2026-07-28 12:04:35,064 [INFO] [secretfinder.py:308]: [SecretFinder JavaScript Secret Scanner] Scanning JS target: https://static-login.nvidia.com/service/default/assets/hu-HU-Ce2X4cWk.js
2026-07-28 12:04:36,019 [INFO] [secretfinder.py:308]: [SecretFinder JavaScript Secret Scanner] Scanning JS target: https://static-login.nvidia.com/service/default/assets/index-VDLRcbtD.js
2026-07-28 12:04:37,091 [INFO] [secretfinder.py:319]: [SecretFinder JavaScript Secret Scanner] Secret Found — 2 finding(s) in: https://static-login.nvidia.com/service/default/assets/index-VDLRcbtD.js
2026-07-28 12:04:37,091 [INFO] [secretfinder.py:308]: [SecretFinder JavaScript Secret Scanner] Scanning JS target: https://static-login.nvidia.com/service/default/assets/it-IT-B8ANLYT-.js
2026-07-28 12:04:38,012 [INFO] [secretfinder.py:308]: [SecretFinder JavaScript Secret Scanner] Scanning JS target: https://static-login.nvidia.com/service/default/assets/ja-JP-BB3WvQOw.js
2026-07-28 12:04:38,639 [INFO] [secretfinder.py:308]: [SecretFinder JavaScript Secret Scanner] Scanning JS target: https://static-login.nvidia.com/service/default/assets/ko-KR-CVg7Hcj2.js
2026-07-28 12:04:40,062 [INFO] [secretfinder.py:308]: [SecretFinder JavaScript Secret Scanner] Scanning JS target: https://static-login.nvidia.com/service/default/assets/nb-NO-BA0dxxaJ.js
2026-07-28 12:04:41,364 [INFO] [secretfinder.py:308]: [SecretFinder JavaScript Secret Scanner] Scanning JS target: https://static-login.nvidia.com/service/default/assets/nl-NL-WKqXHxFB.js
2026-07-28 12:04:42,636 [INFO] [secretfinder.py:308]: [SecretFinder JavaScript Secret Scanner] Scanning JS target: https://static-login.nvidia.com/service/default/assets/pl-PL-D2IKbBu8.js
2026-07-28 12:04:43,518 [INFO] [secretfinder.py:308]: [SecretFinder JavaScript Secret Scanner] Scanning JS target: https://static-login.nvidia.com/service/default/assets/pt-BR-BzWLDfIy.js
2026-07-28 12:04:45,245 [INFO] [secretfinder.py:308]: [SecretFinder JavaScript Secret Scanner] Scanning JS target: https://static-login.nvidia.com/service/default/assets/pt-PT-BhXsJx3L.js
2026-07-28 12:04:46,104 [INFO] [secretfinder.py:308]: [SecretFinder JavaScript Secret Scanner] Scanning JS target: https://static-login.nvidia.com/service/default/assets/ro-RO-Dq6lOktl.js
2026-07-28 12:04:47,345 [INFO] [secretfinder.py:308]: [SecretFinder JavaScript Secret Scanner] Scanning JS target: https://static-login.nvidia.com/service/default/assets/ru-RU-CTf2UT3T.js
2026-07-28 12:04:48,363 [INFO] [secretfinder.py:308]: [SecretFinder JavaScript Secret Scanner] Scanning JS target: https://static-login.nvidia.com/service/default/assets/sk-SK-pTz4dsje.js
2026-07-28 12:04:50,434 [INFO] [secretfinder.py:308]: [SecretFinder JavaScript Secret Scanner] Scanning JS target: https://static-login.nvidia.com/service/default/assets/sl-SI-C4Y3IbJj.js
2026-07-28 12:04:51,481 [INFO] [secretfinder.py:308]: [SecretFinder JavaScript Secret Scanner] Scanning JS target: https://static-login.nvidia.com/service/default/assets/sv-SE-CrSglmdS.js
2026-07-28 12:04:52,432 [INFO] [secretfinder.py:308]: [SecretFinder JavaScript Secret Scanner] Scanning JS target: https://static-login.nvidia.com/service/default/assets/th-TH-ByFVel--.js
2026-07-28 12:04:53,733 [INFO] [secretfinder.py:308]: [SecretFinder JavaScript Secret Scanner] Scanning JS target: https://static-login.nvidia.com/service/default/assets/tr-TR-C1RvzL2N.js
2026-07-28 12:04:54,559 [INFO] [secretfinder.py:308]: [SecretFinder JavaScript Secret Scanner] Scanning JS target: https://static-login.nvidia.com/service/default/assets/uk-UA-BTy0lVmo.js
2026-07-28 12:04:55,845 [INFO] [secretfinder.py:308]: [SecretFinder JavaScript Secret Scanner] Scanning JS target: https://static-login.nvidia.com/service/default/assets/zh-CN-BSXkwfNJ.js
2026-07-28 12:04:56,564 [INFO] [secretfinder.py:308]: [SecretFinder JavaScript Secret Scanner] Scanning JS target: https://static-login.nvidia.com/service/default/assets/zh-TW-CP7EqvjN.js
2026-07-28 12:04:58,371 [INFO] [secretfinder.py:308]: [SecretFinder JavaScript Secret Scanner] Scanning JS target: https://static.queue-it.net/script/queueclient.min.js
2026-07-28 12:04:58,910 [INFO] [secretfinder.py:308]: [SecretFinder JavaScript Secret Scanner] Scanning JS target: https://static.queue-it.net/script/queueconfigloader.min.js
2026-07-28 12:04:59,230 [INFO] [secretfinder.py:308]: [SecretFinder JavaScript Secret Scanner] Scanning JS target: https://store.nvidia.com/nv-nav/js/nv-nav-cart-build.min.1.0.js
2026-07-28 12:06:00,393 [ERROR] [secretfinder.py:396]: [SecretFinder JavaScript Secret Scanner] Timeout (60s) scanning: https://store.nvidia.com/nv-nav/js/nv-nav-cart-build.min.1.0.js
2026-07-28 12:06:00,393 [INFO] [secretfinder.py:308]: [SecretFinder JavaScript Secret Scanner] Scanning JS target: https://unpkg.com/infinite-scroll@4/dist/infinite-scroll.pkgd.min.js
2026-07-28 12:06:00,771 [INFO] [secretfinder.py:308]: [SecretFinder JavaScript Secret Scanner] Scanning JS target: https://www.datadoghq-browser-agent.com/us1/v5/datadog-rum.js
2026-07-28 12:06:01,265 [INFO] [secretfinder.py:319]: [SecretFinder JavaScript Secret Scanner] Secret Found — 5 finding(s) in: https://www.datadoghq-browser-agent.com/us1/v5/datadog-rum.js
2026-07-28 12:06:01,266 [INFO] [secretfinder.py:308]: [SecretFinder JavaScript Secret Scanner] Scanning JS target: https://www.nvidia.com/assets/account-wrapper/starfleet.js
2026-07-28 12:06:02,715 [INFO] [secretfinder.py:308]: [SecretFinder JavaScript Secret Scanner] Scanning JS target: https://www.nvidia.com/assets/account-wrapper/wrapper.js
2026-07-28 12:06:03,356 [INFO] [secretfinder.py:308]: [SecretFinder JavaScript Secret Scanner] Scanning JS target: https://www.nvidia.com/assets/gfn-home/bundle.js
2026-07-28 12:06:04,149 [INFO] [secretfinder.py:308]: [SecretFinder JavaScript Secret Scanner] Scanning JS target: https://www.nvidia.com/assets/nv-academy/v0.0.13/aem/assets/AuthApp.js
2026-07-28 12:06:05,875 [INFO] [secretfinder.py:308]: [SecretFinder JavaScript Secret Scanner] Scanning JS target: https://www.nvidia.com/assets/nv-academy/v0.0.13/aem/assets/CatalogApp.js
2026-07-28 12:06:07,288 [INFO] [secretfinder.py:308]: [SecretFinder JavaScript Secret Scanner] Scanning JS target: https://www.nvidia.com/assets/nv-academy/v0.0.13/aem/assets/ContentApp.js
2026-07-28 12:06:08,520 [INFO] [secretfinder.py:308]: [SecretFinder JavaScript Secret Scanner] Scanning JS target: https://www.nvidia.com/assets/nv-academy/v0.0.13/aem/assets/ContentControls.js
2026-07-28 12:06:09,615 [INFO] [secretfinder.py:308]: [SecretFinder JavaScript Secret Scanner] Scanning JS target: https://www.nvidia.com/assets/nv-academy/v0.0.13/aem/assets/Counter.vue_vue_type_script_setup_true_lang.js
2026-07-28 12:06:10,869 [INFO] [secretfinder.py:308]: [SecretFinder JavaScript Secret Scanner] Scanning JS target: https://www.nvidia.com/assets/nv-academy/v0.0.13/aem/assets/EmptyPage.js
2026-07-28 12:06:12,052 [INFO] [secretfinder.py:308]: [SecretFinder JavaScript Secret Scanner] Scanning JS target: https://www.nvidia.com/assets/nv-academy/v0.0.13/aem/assets/FooterApp.js
2026-07-28 12:06:13,213 [INFO] [secretfinder.py:308]: [SecretFinder JavaScript Secret Scanner] Scanning JS target: https://www.nvidia.com/assets/nv-academy/v0.0.13/aem/assets/HeaderApp.js
2026-07-28 12:06:14,639 [INFO] [secretfinder.py:308]: [SecretFinder JavaScript Secret Scanner] Scanning JS target: https://www.nvidia.com/assets/nv-academy/v0.0.13/aem/assets/LeaderboardCompletedCoursesApp.js
2026-07-28 12:06:15,919 [INFO] [secretfinder.py:308]: [SecretFinder JavaScript Secret Scanner] Scanning JS target: https://www.nvidia.com/assets/nv-academy/v0.0.13/aem/assets/LeaderboardRankListApp.js
2026-07-28 12:06:17,266 [INFO] [secretfinder.py:308]: [SecretFinder JavaScript Secret Scanner] Scanning JS target: https://www.nvidia.com/assets/nv-academy/v0.0.13/aem/assets/LeaderboardStatsApp.js
2026-07-28 12:06:18,471 [INFO] [secretfinder.py:308]: [SecretFinder JavaScript Secret Scanner] Scanning JS target: https://www.nvidia.com/assets/nv-academy/v0.0.13/aem/assets/LearningObjectCard.js
2026-07-28 12:06:19,615 [INFO] [secretfinder.py:308]: [SecretFinder JavaScript Secret Scanner] Scanning JS target: https://www.nvidia.com/assets/nv-academy/v0.0.13/aem/assets/LearningProgramApp.js
2026-07-28 12:06:20,796 [INFO] [secretfinder.py:308]: [SecretFinder JavaScript Secret Scanner] Scanning JS target: https://www.nvidia.com/assets/nv-academy/v0.0.13/aem/assets/LearningProgramContentApp.js
2026-07-28 12:06:22,099 [INFO] [secretfinder.py:308]: [SecretFinder JavaScript Secret Scanner] Scanning JS target: https://www.nvidia.com/assets/nv-academy/v0.0.13/aem/assets/LivestreamPlayer.js
2026-07-28 12:06:23,288 [INFO] [secretfinder.py:308]: [SecretFinder JavaScript Secret Scanner] Scanning JS target: https://www.nvidia.com/assets/nv-academy/v0.0.13/aem/assets/LivestreamPlayerApp.js
2026-07-28 12:06:24,652 [INFO] [secretfinder.py:308]: [SecretFinder JavaScript Secret Scanner] Scanning JS target: https://www.nvidia.com/assets/nv-academy/v0.0.13/aem/assets/LivestreamsApp.js
2026-07-28 12:06:26,206 [INFO] [secretfinder.py:308]: [SecretFinder JavaScript Secret Scanner] Scanning JS target: https://www.nvidia.com/assets/nv-academy/v0.0.13/aem/assets/LivestreamsCarouselApp.js
2026-07-28 12:06:28,042 [INFO] [secretfinder.py:308]: [SecretFinder JavaScript Secret Scanner] Scanning JS target: https://www.nvidia.com/assets/nv-academy/v0.0.13/aem/assets/MessagesApp.js
2026-07-28 12:06:29,201 [INFO] [secretfinder.py:308]: [SecretFinder JavaScript Secret Scanner] Scanning JS target: https://www.nvidia.com/assets/nv-academy/v0.0.13/aem/assets/NvButton.js
2026-07-28 12:06:30,368 [INFO] [secretfinder.py:308]: [SecretFinder JavaScript Secret Scanner] Scanning JS target: https://www.nvidia.com/assets/nv-academy/v0.0.13/aem/assets/NvTitle.js
2026-07-28 12:06:31,628 [INFO] [secretfinder.py:308]: [SecretFinder JavaScript Secret Scanner] Scanning JS target: https://www.nvidia.com/assets/nv-academy/v0.0.13/aem/assets/Pagination.js
2026-07-28 12:06:33,528 [INFO] [secretfinder.py:308]: [SecretFinder JavaScript Secret Scanner] Scanning JS target: https://www.nvidia.com/assets/nv-academy/v0.0.13/aem/assets/PromotionsApp.js
2026-07-28 12:06:34,877 [INFO] [secretfinder.py:308]: [SecretFinder JavaScript Secret Scanner] Scanning JS target: https://www.nvidia.com/assets/nv-academy/v0.0.13/aem/assets/PromotionsCarouselApp.js
2026-07-28 12:06:36,152 [INFO] [secretfinder.py:308]: [SecretFinder JavaScript Secret Scanner] Scanning JS target: https://www.nvidia.com/assets/nv-academy/v0.0.13/aem/assets/ResourcesApp.js
2026-07-28 12:06:37,341 [INFO] [secretfinder.py:308]: [SecretFinder JavaScript Secret Scanner] Scanning JS target: https://www.nvidia.com/assets/nv-academy/v0.0.13/aem/assets/SearchApp.js
2026-07-28 12:06:39,089 [INFO] [secretfinder.py:308]: [SecretFinder JavaScript Secret Scanner] Scanning JS target: https://www.nvidia.com/assets/nv-academy/v0.0.13/aem/assets/SearchFiltersApp.js
2026-07-28 12:06:40,414 [INFO] [secretfinder.py:308]: [SecretFinder JavaScript Secret Scanner] Scanning JS target: https://www.nvidia.com/assets/nv-academy/v0.0.13/aem/assets/SearchHeaderApp.js
2026-07-28 12:06:41,747 [INFO] [secretfinder.py:308]: [SecretFinder JavaScript Secret Scanner] Scanning JS target: https://www.nvidia.com/assets/nv-academy/v0.0.13/aem/assets/SlideCarouselApp.js
2026-07-28 12:06:43,147 [INFO] [secretfinder.py:308]: [SecretFinder JavaScript Secret Scanner] Scanning JS target: https://www.nvidia.com/assets/nv-academy/v0.0.13/aem/assets/Spinner.js
2026-07-28 12:06:44,411 [INFO] [secretfinder.py:308]: [SecretFinder JavaScript Secret Scanner] Scanning JS target: https://www.nvidia.com/assets/nv-academy/v0.0.13/aem/assets/UserAvatar.js
2026-07-28 12:06:45,883 [INFO] [secretfinder.py:308]: [SecretFinder JavaScript Secret Scanner] Scanning JS target: https://www.nvidia.com/assets/nv-academy/v0.0.13/aem/assets/UserInfoApp.js
2026-07-28 12:06:47,194 [INFO] [secretfinder.py:308]: [SecretFinder JavaScript Secret Scanner] Scanning JS target: https://www.nvidia.com/assets/nv-academy/v0.0.13/aem/assets/Warning.js
2026-07-28 12:06:48,492 [INFO] [secretfinder.py:308]: [SecretFinder JavaScript Secret Scanner] Scanning JS target: https://www.nvidia.com/assets/nv-academy/v0.0.13/aem/assets/_plugin-vue_export-helper.js
2026-07-28 12:06:49,649 [INFO] [secretfinder.py:308]: [SecretFinder JavaScript Secret Scanner] Scanning JS target: https://www.nvidia.com/assets/nv-academy/v0.0.13/aem/assets/dates.js
2026-07-28 12:06:50,968 [INFO] [secretfinder.py:308]: [SecretFinder JavaScript Secret Scanner] Scanning JS target: https://www.nvidia.com/assets/nv-academy/v0.0.13/aem/assets/en.js
2026-07-28 12:06:52,749 [INFO] [secretfinder.py:319]: [SecretFinder JavaScript Secret Scanner] Secret Found — 1 finding(s) in: https://www.nvidia.com/assets/nv-academy/v0.0.13/aem/assets/en.js
2026-07-28 12:06:52,749 [INFO] [secretfinder.py:308]: [SecretFinder JavaScript Secret Scanner] Scanning JS target: https://www.nvidia.com/assets/nv-academy/v0.0.13/aem/assets/placeholder.js
2026-07-28 12:06:54,060 [INFO] [secretfinder.py:308]: [SecretFinder JavaScript Secret Scanner] Scanning JS target: https://www.nvidia.com/assets/nv-academy/v0.0.13/aem/index.js
2026-07-28 12:06:55,888 [INFO] [secretfinder.py:308]: [SecretFinder JavaScript Secret Scanner] Scanning JS target: https://www.nvidia.com/assets/nvod/nvod-login.js
2026-07-28 12:06:56,714 [INFO] [secretfinder.py:319]: [SecretFinder JavaScript Secret Scanner] Secret Found — 8 finding(s) in: https://www.nvidia.com/assets/nvod/nvod-login.js
2026-07-28 12:06:56,714 [INFO] [secretfinder.py:308]: [SecretFinder JavaScript Secret Scanner] Scanning JS target: https://www.nvidia.com/assets/preferences-portal/bundle.js
2026-07-28 12:06:57,468 [INFO] [secretfinder.py:319]: [SecretFinder JavaScript Secret Scanner] Secret Found — 1 finding(s) in: https://www.nvidia.com/assets/preferences-portal/bundle.js
2026-07-28 12:06:57,468 [INFO] [secretfinder.py:308]: [SecretFinder JavaScript Secret Scanner] Scanning JS target: https://www.nvidia.com/assets/starfleet-auth/starfleet.js
2026-07-28 12:06:58,359 [INFO] [secretfinder.py:308]: [SecretFinder JavaScript Secret Scanner] Scanning JS target: https://www.nvidia.com/content/dam/en-zz/Solutions/DLI/dli.js
2026-07-28 12:06:59,420 [INFO] [secretfinder.py:319]: [SecretFinder JavaScript Secret Scanner] Secret Found — 6 finding(s) in: https://www.nvidia.com/content/dam/en-zz/Solutions/DLI/dli.js
2026-07-28 12:06:59,420 [INFO] [secretfinder.py:308]: [SecretFinder JavaScript Secret Scanner] Scanning JS target: https://www.nvidia.com/content/dam/en-zz/Solutions/SHIELD/overview/app-wall/js/shield-app-wall-behaviors-ie.js
2026-07-28 12:07:01,367 [INFO] [secretfinder.py:308]: [SecretFinder JavaScript Secret Scanner] Scanning JS target: https://www.nvidia.com/content/dam/en-zz/Solutions/SHIELD/overview/hdr/CSSPlugin.min.js
2026-07-28 12:07:02,328 [INFO] [secretfinder.py:308]: [SecretFinder JavaScript Secret Scanner] Scanning JS target: https://www.nvidia.com/content/dam/en-zz/Solutions/SHIELD/overview/hdr/Draggable.min.js
2026-07-28 12:07:03,257 [INFO] [secretfinder.py:308]: [SecretFinder JavaScript Secret Scanner] Scanning JS target: https://www.nvidia.com/content/dam/en-zz/Solutions/SHIELD/overview/hdr/ScrollMagic.min.js
2026-07-28 12:07:04,290 [INFO] [secretfinder.py:308]: [SecretFinder JavaScript Secret Scanner] Scanning JS target: https://www.nvidia.com/content/dam/en-zz/Solutions/SHIELD/overview/hdr/ScrollToPlugin.min.js
2026-07-28 12:07:05,338 [INFO] [secretfinder.py:308]: [SecretFinder JavaScript Secret Scanner] Scanning JS target: https://www.nvidia.com/content/dam/en-zz/Solutions/SHIELD/overview/hdr/ThrowPropsPlugin.min.js
2026-07-28 12:07:06,245 [INFO] [secretfinder.py:308]: [SecretFinder JavaScript Secret Scanner] Scanning JS target: https://www.nvidia.com/content/dam/en-zz/Solutions/SHIELD/overview/hdr/TweenMax.min.js
2026-07-28 12:07:07,225 [INFO] [secretfinder.py:308]: [SecretFinder JavaScript Secret Scanner] Scanning JS target: https://www.nvidia.com/content/dam/en-zz/Solutions/SHIELD/overview/hdr/animation.gsap.min.js
2026-07-28 12:07:08,084 [INFO] [secretfinder.py:308]: [SecretFinder JavaScript Secret Scanner] Scanning JS target: https://www.nvidia.com/content/dam/en-zz/Solutions/SHIELD/overview/hdr/debug.addIndicators.min.js
2026-07-28 12:07:09,387 [INFO] [secretfinder.py:308]: [SecretFinder JavaScript Secret Scanner] Scanning JS target: https://www.nvidia.com/content/dam/en-zz/Solutions/about-nvidia/calendar/bundle-events-core.js
2026-07-28 12:07:10,538 [INFO] [secretfinder.py:319]: [SecretFinder JavaScript Secret Scanner] Secret Found — 7 finding(s) in: https://www.nvidia.com/content/dam/en-zz/Solutions/about-nvidia/calendar/bundle-events-core.js
2026-07-28 12:07:10,539 [INFO] [secretfinder.py:308]: [SecretFinder JavaScript Secret Scanner] Scanning JS target: https://www.nvidia.com/content/dam/en-zz/Solutions/about-nvidia/webinar.js
2026-07-28 12:07:12,691 [INFO] [secretfinder.py:319]: [SecretFinder JavaScript Secret Scanner] Secret Found — 5 finding(s) in: https://www.nvidia.com/content/dam/en-zz/Solutions/about-nvidia/webinar.js
2026-07-28 12:07:12,691 [INFO] [secretfinder.py:308]: [SecretFinder JavaScript Secret Scanner] Scanning JS target: https://www.nvidia.com/content/dam/en-zz/Solutions/case-studies/casestudies_widget.js
2026-07-28 12:07:14,705 [INFO] [secretfinder.py:319]: [SecretFinder JavaScript Secret Scanner] Secret Found — 6 finding(s) in: https://www.nvidia.com/content/dam/en-zz/Solutions/case-studies/casestudies_widget.js
2026-07-28 12:07:14,705 [INFO] [secretfinder.py:308]: [SecretFinder JavaScript Secret Scanner] Scanning JS target: https://www.nvidia.com/content/dam/en-zz/Solutions/chart/d3.v4.min.js
2026-07-28 12:07:15,858 [INFO] [secretfinder.py:319]: [SecretFinder JavaScript Secret Scanner] Secret Found — 13 finding(s) in: https://www.nvidia.com/content/dam/en-zz/Solutions/chart/d3.v4.min.js
2026-07-28 12:07:15,858 [INFO] [secretfinder.py:308]: [SecretFinder JavaScript Secret Scanner] Scanning JS target: https://www.nvidia.com/content/dam/en-zz/Solutions/country-selector/countrySelector.js
2026-07-28 12:07:16,550 [INFO] [secretfinder.py:308]: [SecretFinder JavaScript Secret Scanner] Scanning JS target: https://www.nvidia.com/content/dam/en-zz/Solutions/data-center/fr/frlinks-v4.js
2026-07-28 12:07:17,439 [INFO] [secretfinder.py:308]: [SecretFinder JavaScript Secret Scanner] Scanning JS target: https://www.nvidia.com/content/dam/en-zz/Solutions/gtc/gtc23-banners/gtc23-blade-core.js
2026-07-28 12:07:18,405 [INFO] [secretfinder.py:308]: [SecretFinder JavaScript Secret Scanner] Scanning JS target: https://www.nvidia.com/content/dam/en-zz/Solutions/librarian/bundle-search-prod-pub-v3.1.js
2026-07-28 12:07:19,709 [INFO] [secretfinder.py:319]: [SecretFinder JavaScript Secret Scanner] Secret Found — 6 finding(s) in: https://www.nvidia.com/content/dam/en-zz/Solutions/librarian/bundle-search-prod-pub-v3.1.js
2026-07-28 12:07:19,709 [INFO] [secretfinder.py:308]: [SecretFinder JavaScript Secret Scanner] Scanning JS target: https://www.nvidia.com/content/dam/en-zz/Solutions/librarian/librarian-404-page.js
2026-07-28 12:07:20,889 [INFO] [secretfinder.py:319]: [SecretFinder JavaScript Secret Scanner] Secret Found — 6 finding(s) in: https://www.nvidia.com/content/dam/en-zz/Solutions/librarian/librarian-404-page.js
2026-07-28 12:07:20,889 [INFO] [secretfinder.py:308]: [SecretFinder JavaScript Secret Scanner] Scanning JS target: https://www.nvidia.com/content/dam/en-zz/Solutions/navigation/react/brandfooter.js
2026-07-28 12:07:22,067 [INFO] [secretfinder.py:319]: [SecretFinder JavaScript Secret Scanner] Secret Found — 12 finding(s) in: https://www.nvidia.com/content/dam/en-zz/Solutions/navigation/react/brandfooter.js
2026-07-28 12:07:22,067 [INFO] [secretfinder.py:308]: [SecretFinder JavaScript Secret Scanner] Scanning JS target: https://www.nvidia.com/content/dam/en-zz/Solutions/newsroom/bundle-260403.js
2026-07-28 12:07:23,388 [INFO] [secretfinder.py:319]: [SecretFinder JavaScript Secret Scanner] Secret Found — 13 finding(s) in: https://www.nvidia.com/content/dam/en-zz/Solutions/newsroom/bundle-260403.js
2026-07-28 12:07:23,388 [INFO] [secretfinder.py:308]: [SecretFinder JavaScript Secret Scanner] Scanning JS target: https://www.nvidia.com/content/dam/en-zz/Solutions/react-brand/bundle.js
2026-07-28 12:07:24,819 [INFO] [secretfinder.py:319]: [SecretFinder JavaScript Secret Scanner] Secret Found — 11 finding(s) in: https://www.nvidia.com/content/dam/en-zz/Solutions/react-brand/bundle.js
2026-07-28 12:07:24,819 [INFO] [secretfinder.py:308]: [SecretFinder JavaScript Secret Scanner] Scanning JS target: https://www.nvidia.com/content/dam/en-zz/Solutions/support/jquery-1.9.1.min.js
2026-07-28 12:07:25,539 [INFO] [secretfinder.py:319]: [SecretFinder JavaScript Secret Scanner] Secret Found — 2 finding(s) in: https://www.nvidia.com/content/dam/en-zz/Solutions/support/jquery-1.9.1.min.js
2026-07-28 12:07:25,540 [INFO] [secretfinder.py:308]: [SecretFinder JavaScript Secret Scanner] Scanning JS target: https://www.nvidia.com/content/dam/en-zz/Solutions/unibrow/unibrow-script.js
2026-07-28 12:07:26,142 [INFO] [secretfinder.py:308]: [SecretFinder JavaScript Secret Scanner] Scanning JS target: https://www.nvidia.com/content/dam/en-zz/Solutions/vertexAI/bundle-search-prod-pub.js
2026-07-28 12:07:27,278 [INFO] [secretfinder.py:319]: [SecretFinder JavaScript Secret Scanner] Secret Found — 10 finding(s) in: https://www.nvidia.com/content/dam/en-zz/Solutions/vertexAI/bundle-search-prod-pub.js
2026-07-28 12:07:27,278 [INFO] [secretfinder.py:308]: [SecretFinder JavaScript Secret Scanner] Scanning JS target: https://www.nvidia.com/content/dam/en-zz/use-case/usecasesExplorerCatalogWidget.js
2026-07-28 12:07:28,769 [INFO] [secretfinder.py:319]: [SecretFinder JavaScript Secret Scanner] Secret Found — 6 finding(s) in: https://www.nvidia.com/content/dam/en-zz/use-case/usecasesExplorerCatalogWidget.js
2026-07-28 12:07:28,769 [INFO] [secretfinder.py:308]: [SecretFinder JavaScript Secret Scanner] Scanning JS target: https://www.nvidia.com/content/includes/redesign2010/js/global_menu.js
2026-07-28 12:07:29,709 [INFO] [secretfinder.py:308]: [SecretFinder JavaScript Secret Scanner] Scanning JS target: https://www.nvidia.com/content/libraries/js/jquery-3.1.1.min.js
2026-07-28 12:07:31,088 [INFO] [secretfinder.py:319]: [SecretFinder JavaScript Secret Scanner] Secret Found — 1 finding(s) in: https://www.nvidia.com/content/libraries/js/jquery-3.1.1.min.js
2026-07-28 12:07:31,088 [INFO] [secretfinder.py:308]: [SecretFinder JavaScript Secret Scanner] Scanning JS target: https://www.nvidia.com/content/libraries/js/lib/greensock/TweenMax.min.js
2026-07-28 12:07:32,328 [INFO] [secretfinder.py:308]: [SecretFinder JavaScript Secret Scanner] Scanning JS target: https://www.nvidia.com/content/libraries/js/lib/greensock/jquery.gsap.min.js
2026-07-28 12:07:32,991 [INFO] [secretfinder.py:308]: [SecretFinder JavaScript Secret Scanner] Scanning JS target: https://www.nvidia.com/content/libraries/js/lib/parallax.min.js
2026-07-28 12:07:34,380 [INFO] [secretfinder.py:308]: [SecretFinder JavaScript Secret Scanner] Scanning JS target: https://www.nvidia.com/content/libraries/js/lib/scrollmagic/minified/ScrollMagic.min.js
2026-07-28 12:07:35,119 [INFO] [secretfinder.py:308]: [SecretFinder JavaScript Secret Scanner] Scanning JS target: https://www.nvidia.com/content/libraries/js/lib/scrollmagic/minified/plugins/animation.gsap.min.js
2026-07-28 12:07:35,811 [INFO] [secretfinder.py:308]: [SecretFinder JavaScript Secret Scanner] Scanning JS target: https://www.nvidia.com/content/libraries/js/lib/scrollmagic/minified/plugins/debug.addIndicators.min.js
2026-07-28 12:07:36,480 [INFO] [secretfinder.py:308]: [SecretFinder JavaScript Secret Scanner] Scanning JS target: https://www.nvidia.com/de-de/geforce/products/g-sync-monitors/js-agent.newrelic.com/nr-spa-1167.min.js
2026-07-28 12:07:37,948 [INFO] [secretfinder.py:319]: [SecretFinder JavaScript Secret Scanner] Secret Found — 3 finding(s) in: https://www.nvidia.com/de-de/geforce/products/g-sync-monitors/js-agent.newrelic.com/nr-spa-1167.min.js
2026-07-28 12:07:37,948 [INFO] [secretfinder.py:308]: [SecretFinder JavaScript Secret Scanner] Scanning JS target: https://www.nvidia.com/en-au/geforce/products/g-sync-monitors/js-agent.newrelic.com/nr-spa-1167.min.js
2026-07-28 12:07:42,378 [INFO] [secretfinder.py:319]: [SecretFinder JavaScript Secret Scanner] Secret Found — 4 finding(s) in: https://www.nvidia.com/en-au/geforce/products/g-sync-monitors/js-agent.newrelic.com/nr-spa-1167.min.js
2026-07-28 12:07:42,379 [INFO] [secretfinder.py:308]: [SecretFinder JavaScript Secret Scanner] Scanning JS target: https://www.nvidia.com/en-eu/shield/js-agent.newrelic.com/nr-spa-1167.min.js
2026-07-28 12:07:43,850 [INFO] [secretfinder.py:319]: [SecretFinder JavaScript Secret Scanner] Secret Found — 4 finding(s) in: https://www.nvidia.com/en-eu/shield/js-agent.newrelic.com/nr-spa-1167.min.js
2026-07-28 12:07:43,850 [INFO] [secretfinder.py:308]: [SecretFinder JavaScript Secret Scanner] Scanning JS target: https://www.nvidia.com/en-gb/geforce/products/g-sync-monitors/js-agent.newrelic.com/nr-spa-1167.min.js
2026-07-28 12:07:45,554 [INFO] [secretfinder.py:319]: [SecretFinder JavaScript Secret Scanner] Secret Found — 4 finding(s) in: https://www.nvidia.com/en-gb/geforce/products/g-sync-monitors/js-agent.newrelic.com/nr-spa-1167.min.js
2026-07-28 12:07:45,554 [INFO] [secretfinder.py:308]: [SecretFinder JavaScript Secret Scanner] Scanning JS target: https://www.nvidia.com/en-sg/geforce/products/g-sync-monitors/js-agent.newrelic.com/nr-spa-1167.min.js
2026-07-28 12:07:47,246 [INFO] [secretfinder.py:319]: [SecretFinder JavaScript Secret Scanner] Secret Found — 4 finding(s) in: https://www.nvidia.com/en-sg/geforce/products/g-sync-monitors/js-agent.newrelic.com/nr-spa-1167.min.js
2026-07-28 12:07:47,246 [INFO] [secretfinder.py:308]: [SecretFinder JavaScript Secret Scanner] Scanning JS target: https://www.nvidia.com/etc.clientlibs/clientlibs/granite/dompurify.min.da7b7c3539763b2356210bc0064563dc.js
2026-07-28 12:07:47,976 [INFO] [secretfinder.py:308]: [SecretFinder JavaScript Secret Scanner] Scanning JS target: https://www.nvidia.com/etc.clientlibs/clientlibs/granite/jquery.min.cee8557e8779d371fe722bbcdd3b3eb7.js
2026-07-28 12:07:48,710 [INFO] [secretfinder.py:319]: [SecretFinder JavaScript Secret Scanner] Secret Found — 2 finding(s) in: https://www.nvidia.com/etc.clientlibs/clientlibs/granite/jquery.min.cee8557e8779d371fe722bbcdd3b3eb7.js
2026-07-28 12:07:48,710 [INFO] [secretfinder.py:308]: [SecretFinder JavaScript Secret Scanner] Scanning JS target: https://www.nvidia.com/etc.clientlibs/clientlibs/granite/jquery/granite/csrf.min.652a558c3774088b61b0530c184710d1.js
2026-07-28 12:07:49,346 [INFO] [secretfinder.py:308]: [SecretFinder JavaScript Secret Scanner] Scanning JS target: https://www.nvidia.com/etc.clientlibs/clientlibs/granite/utils.min.4a192b590a2c2926fb000264370c0588.js
2026-07-28 12:07:49,956 [INFO] [secretfinder.py:308]: [SecretFinder JavaScript Secret Scanner] Scanning JS target: https://www.nvidia.com/etc.clientlibs/fd/af/runtime/clientlibs/I18N/en.min.1eef303f686fe0d9ec82c6dfdd24572d.js
2026-07-28 12:07:51,358 [INFO] [secretfinder.py:319]: [SecretFinder JavaScript Secret Scanner] Secret Found — 3 finding(s) in: https://www.nvidia.com/etc.clientlibs/fd/af/runtime/clientlibs/I18N/en.min.1eef303f686fe0d9ec82c6dfdd24572d.js
2026-07-28 12:07:51,358 [INFO] [secretfinder.py:308]: [SecretFinder JavaScript Secret Scanner] Scanning JS target: https://www.nvidia.com/etc.clientlibs/fd/af/runtime/clientlibs/I18N/zh_TW.min.eb9a2e6e93c9a11902ae492dda412530.js
2026-07-28 12:07:52,561 [INFO] [secretfinder.py:319]: [SecretFinder JavaScript Secret Scanner] Secret Found — 3 finding(s) in: https://www.nvidia.com/etc.clientlibs/fd/af/runtime/clientlibs/I18N/zh_TW.min.eb9a2e6e93c9a11902ae492dda412530.js
2026-07-28 12:07:52,561 [INFO] [secretfinder.py:308]: [SecretFinder JavaScript Secret Scanner] Scanning JS target: https://www.nvidia.com/etc.clientlibs/fd/af/runtime/clientlibs/aemformcontainer/formapp.min.d6f9c0244caf89b5e02890355ec6dc50.js
2026-07-28 12:07:53,588 [INFO] [secretfinder.py:308]: [SecretFinder JavaScript Secret Scanner] Scanning JS target: https://www.nvidia.com/etc.clientlibs/fd/af/runtime/clientlibs/affix.js
2026-07-28 12:07:55,002 [INFO] [secretfinder.py:319]: [SecretFinder JavaScript Secret Scanner] Secret Found — 4 finding(s) in: https://www.nvidia.com/etc.clientlibs/fd/af/runtime/clientlibs/affix.js
2026-07-28 12:07:55,002 [INFO] [secretfinder.py:308]: [SecretFinder JavaScript Secret Scanner] Scanning JS target: https://www.nvidia.com/etc.clientlibs/fd/af/runtime/clientlibs/alert.js
2026-07-28 12:07:56,415 [INFO] [secretfinder.py:319]: [SecretFinder JavaScript Secret Scanner] Secret Found — 4 finding(s) in: https://www.nvidia.com/etc.clientlibs/fd/af/runtime/clientlibs/alert.js
2026-07-28 12:07:56,415 [INFO] [secretfinder.py:308]: [SecretFinder JavaScript Secret Scanner] Scanning JS target: https://www.nvidia.com/etc.clientlibs/fd/af/runtime/clientlibs/button.js
2026-07-28 12:07:57,871 [INFO] [secretfinder.py:319]: [SecretFinder JavaScript Secret Scanner] Secret Found — 4 finding(s) in: https://www.nvidia.com/etc.clientlibs/fd/af/runtime/clientlibs/button.js
2026-07-28 12:07:57,871 [INFO] [secretfinder.py:308]: [SecretFinder JavaScript Secret Scanner] Scanning JS target: https://www.nvidia.com/etc.clientlibs/fd/af/runtime/clientlibs/carousel.js
2026-07-28 12:07:59,407 [INFO] [secretfinder.py:319]: [SecretFinder JavaScript Secret Scanner] Secret Found — 4 finding(s) in: https://www.nvidia.com/etc.clientlibs/fd/af/runtime/clientlibs/carousel.js
2026-07-28 12:07:59,407 [INFO] [secretfinder.py:308]: [SecretFinder JavaScript Secret Scanner] Scanning JS target: https://www.nvidia.com/etc.clientlibs/fd/af/runtime/clientlibs/collapse.js
2026-07-28 12:08:00,886 [INFO] [secretfinder.py:319]: [SecretFinder JavaScript Secret Scanner] Secret Found — 4 finding(s) in: https://www.nvidia.com/etc.clientlibs/fd/af/runtime/clientlibs/collapse.js
2026-07-28 12:08:00,886 [INFO] [secretfinder.py:308]: [SecretFinder JavaScript Secret Scanner] Scanning JS target: https://www.nvidia.com/etc.clientlibs/fd/af/runtime/clientlibs/common.min.b739ba146c8b1f640f46c13c93c13821.js
2026-07-28 12:08:01,734 [INFO] [secretfinder.py:308]: [SecretFinder JavaScript Secret Scanner] Scanning JS target: https://www.nvidia.com/etc.clientlibs/fd/af/runtime/clientlibs/dropdown.js
2026-07-28 12:08:03,323 [INFO] [secretfinder.py:319]: [SecretFinder JavaScript Secret Scanner] Secret Found — 4 finding(s) in: https://www.nvidia.com/etc.clientlibs/fd/af/runtime/clientlibs/dropdown.js
2026-07-28 12:08:03,323 [INFO] [secretfinder.py:308]: [SecretFinder JavaScript Secret Scanner] Scanning JS target: https://www.nvidia.com/etc.clientlibs/fd/af/runtime/clientlibs/guideChartReducer.min.da3c195d1760c25923567b9acbed7c74.js
2026-07-28 12:08:04,018 [INFO] [secretfinder.py:308]: [SecretFinder JavaScript Secret Scanner] Scanning JS target: https://www.nvidia.com/etc.clientlibs/fd/af/runtime/clientlibs/guideRuntime.min.32edfae982d5a7c4b0a2038f377d029d.js
2026-07-28 12:08:05,959 [INFO] [secretfinder.py:319]: [SecretFinder JavaScript Secret Scanner] Secret Found — 28 finding(s) in: https://www.nvidia.com/etc.clientlibs/fd/af/runtime/clientlibs/guideRuntime.min.32edfae982d5a7c4b0a2038f377d029d.js
2026-07-28 12:08:05,959 [INFO] [secretfinder.py:308]: [SecretFinder JavaScript Secret Scanner] Scanning JS target: https://www.nvidia.com/etc.clientlibs/fd/af/runtime/clientlibs/modal.js
2026-07-28 12:08:08,054 [INFO] [secretfinder.py:319]: [SecretFinder JavaScript Secret Scanner] Secret Found — 4 finding(s) in: https://www.nvidia.com/etc.clientlibs/fd/af/runtime/clientlibs/modal.js
2026-07-28 12:08:08,054 [INFO] [secretfinder.py:308]: [SecretFinder JavaScript Secret Scanner] Scanning JS target: https://www.nvidia.com/etc.clientlibs/fd/af/runtime/clientlibs/popover.js
2026-07-28 12:08:09,581 [INFO] [secretfinder.py:319]: [SecretFinder JavaScript Secret Scanner] Secret Found — 4 finding(s) in: https://www.nvidia.com/etc.clientlibs/fd/af/runtime/clientlibs/popover.js
2026-07-28 12:08:09,581 [INFO] [secretfinder.py:308]: [SecretFinder JavaScript Secret Scanner] Scanning JS target: https://www.nvidia.com/etc.clientlibs/fd/af/runtime/clientlibs/recaptcha/api.js
2026-07-28 12:08:11,479 [INFO] [secretfinder.py:319]: [SecretFinder JavaScript Secret Scanner] Secret Found — 4 finding(s) in: https://www.nvidia.com/etc.clientlibs/fd/af/runtime/clientlibs/recaptcha/api.js
2026-07-28 12:08:11,479 [INFO] [secretfinder.py:308]: [SecretFinder JavaScript Secret Scanner] Scanning JS target: https://www.nvidia.com/etc.clientlibs/fd/af/runtime/clientlibs/recaptcha/enterprise.js
2026-07-28 12:08:13,278 [INFO] [secretfinder.py:319]: [SecretFinder JavaScript Secret Scanner] Secret Found — 4 finding(s) in: https://www.nvidia.com/etc.clientlibs/fd/af/runtime/clientlibs/recaptcha/enterprise.js
2026-07-28 12:08:13,278 [INFO] [secretfinder.py:308]: [SecretFinder JavaScript Secret Scanner] Scanning JS target: https://www.nvidia.com/etc.clientlibs/fd/af/runtime/clientlibs/scrollspy.js
2026-07-28 12:08:14,835 [INFO] [secretfinder.py:319]: [SecretFinder JavaScript Secret Scanner] Secret Found — 4 finding(s) in: https://www.nvidia.com/etc.clientlibs/fd/af/runtime/clientlibs/scrollspy.js
2026-07-28 12:08:14,835 [INFO] [secretfinder.py:308]: [SecretFinder JavaScript Secret Scanner] Scanning JS target: https://www.nvidia.com/etc.clientlibs/fd/af/runtime/clientlibs/spinner.js
2026-07-28 12:08:16,346 [INFO] [secretfinder.py:319]: [SecretFinder JavaScript Secret Scanner] Secret Found — 4 finding(s) in: https://www.nvidia.com/etc.clientlibs/fd/af/runtime/clientlibs/spinner.js
2026-07-28 12:08:16,346 [INFO] [secretfinder.py:308]: [SecretFinder JavaScript Secret Scanner] Scanning JS target: https://www.nvidia.com/etc.clientlibs/fd/af/runtime/clientlibs/tab.js
2026-07-28 12:08:17,719 [INFO] [secretfinder.py:319]: [SecretFinder JavaScript Secret Scanner] Secret Found — 4 finding(s) in: https://www.nvidia.com/etc.clientlibs/fd/af/runtime/clientlibs/tab.js
2026-07-28 12:08:17,719 [INFO] [secretfinder.py:308]: [SecretFinder JavaScript Secret Scanner] Scanning JS target: https://www.nvidia.com/etc.clientlibs/fd/af/runtime/clientlibs/tooltip.js
2026-07-28 12:08:19,231 [INFO] [secretfinder.py:319]: [SecretFinder JavaScript Secret Scanner] Secret Found — 4 finding(s) in: https://www.nvidia.com/etc.clientlibs/fd/af/runtime/clientlibs/tooltip.js
2026-07-28 12:08:19,231 [INFO] [secretfinder.py:308]: [SecretFinder JavaScript Secret Scanner] Scanning JS target: https://www.nvidia.com/etc.clientlibs/fd/af/runtime/clientlibs/transition.js
2026-07-28 12:08:20,645 [INFO] [secretfinder.py:319]: [SecretFinder JavaScript Secret Scanner] Secret Found — 4 finding(s) in: https://www.nvidia.com/etc.clientlibs/fd/af/runtime/clientlibs/transition.js
2026-07-28 12:08:20,645 [INFO] [secretfinder.py:308]: [SecretFinder JavaScript Secret Scanner] Scanning JS target: https://www.nvidia.com/etc.clientlibs/fd/af/runtime/clientlibs/widgets.min.6685e5df219664b7bb98997df6fa7d94.js
2026-07-28 12:08:21,517 [INFO] [secretfinder.py:308]: [SecretFinder JavaScript Secret Scanner] Scanning JS target: https://www.nvidia.com/etc.clientlibs/fd/fp/components/clientlibs/autosave/strategies/timebased.min.fcd97d3747edbd1596528edcad881a1e.js
2026-07-28 12:08:22,199 [INFO] [secretfinder.py:308]: [SecretFinder JavaScript Secret Scanner] Scanning JS target: https://www.nvidia.com/etc.clientlibs/fd/xfaforms/clientlibs/I18N/de_DE.min.924c7784bd1e4ae607df1d8171ddd762.js
2026-07-28 12:08:23,067 [INFO] [secretfinder.py:308]: [SecretFinder JavaScript Secret Scanner] Scanning JS target: https://www.nvidia.com/etc.clientlibs/fd/xfaforms/clientlibs/I18N/en_US.min.eb39e710fd9920dfaa5479fc541b3ab1.js
2026-07-28 12:08:23,778 [INFO] [secretfinder.py:308]: [SecretFinder JavaScript Secret Scanner] Scanning JS target: https://www.nvidia.com/etc.clientlibs/fd/xfaforms/clientlibs/I18N/fr_FR.min.8f4cd175c8fb5fdbc74921d89ebaeda7.js
2026-07-28 12:08:24,618 [INFO] [secretfinder.py:308]: [SecretFinder JavaScript Secret Scanner] Scanning JS target: https://www.nvidia.com/etc.clientlibs/fd/xfaforms/clientlibs/Underscore.js
2026-07-28 12:08:26,039 [INFO] [secretfinder.py:319]: [SecretFinder JavaScript Secret Scanner] Secret Found — 4 finding(s) in: https://www.nvidia.com/etc.clientlibs/fd/xfaforms/clientlibs/Underscore.js
2026-07-28 12:08:26,039 [INFO] [secretfinder.py:308]: [SecretFinder JavaScript Secret Scanner] Scanning JS target: https://www.nvidia.com/etc.clientlibs/fd/xfaforms/clientlibs/e4x.js
2026-07-28 12:08:27,462 [INFO] [secretfinder.py:319]: [SecretFinder JavaScript Secret Scanner] Secret Found — 4 finding(s) in: https://www.nvidia.com/etc.clientlibs/fd/xfaforms/clientlibs/e4x.js
2026-07-28 12:08:27,462 [INFO] [secretfinder.py:308]: [SecretFinder JavaScript Secret Scanner] Scanning JS target: https://www.nvidia.com/etc.clientlibs/fd/xfaforms/clientlibs/noConflict.min.bf8ddf68a0e8d0d1458eb072f086722f.js
2026-07-28 12:08:28,097 [INFO] [secretfinder.py:308]: [SecretFinder JavaScript Secret Scanner] Scanning JS target: https://www.nvidia.com/etc.clientlibs/fd/xfaforms/clientlibs/third-party.min.be251cc80d68e452f51ac2fb0aadf86a.js
2026-07-28 12:08:28,983 [INFO] [secretfinder.py:319]: [SecretFinder JavaScript Secret Scanner] Secret Found — 1 finding(s) in: https://www.nvidia.com/etc.clientlibs/fd/xfaforms/clientlibs/third-party.min.be251cc80d68e452f51ac2fb0aadf86a.js
2026-07-28 12:08:28,983 [INFO] [secretfinder.py:308]: [SecretFinder JavaScript Secret Scanner] Scanning JS target: https://www.nvidia.com/etc.clientlibs/foundation/clientlibs/shared.min.e9d9a3990d7779c2e8e3361187f3d36b.js
2026-07-28 12:08:29,654 [INFO] [secretfinder.py:308]: [SecretFinder JavaScript Secret Scanner] Scanning JS target: https://www.nvidia.com/etc.clientlibs/nvidiaweb/clientlibs/clientlib-base.min.22516a4b2be7b40b5d527b1fb5b0994f.js
2026-07-28 12:08:30,334 [INFO] [secretfinder.py:308]: [SecretFinder JavaScript Secret Scanner] Scanning JS target: https://www.nvidia.com/etc.clientlibs/nvidiaweb/clientlibs/clientlib-driverflownvlookup.min.c7e04ab2fe866978f47a0aaeaedc8c3b.js
2026-07-28 12:08:31,112 [INFO] [secretfinder.py:308]: [SecretFinder JavaScript Secret Scanner] Scanning JS target: https://www.nvidia.com/etc.clientlibs/nvidiaweb/clientlibs/clientlib-preload.min.628b00303a043cfb35e700fd4032c671.js
2026-07-28 12:08:31,713 [INFO] [secretfinder.py:308]: [SecretFinder JavaScript Secret Scanner] Scanning JS target: https://www.nvidia.com/etc.clientlibs/nvidiaweb/clientlibs/clientlib-site.min.7ad58d8af30ad7b8ec09ea3fb3d0d437.js
2026-07-28 12:08:32,657 [INFO] [secretfinder.py:308]: [SecretFinder JavaScript Secret Scanner] Scanning JS target: https://www.nvidia.com/etc.clientlibs/nvidiaweb/clientlibs/clientlib-webfoundation.min.efc0fdf7ab6cfd024ef52932bbdebd3a.js
2026-07-28 12:08:33,740 [INFO] [secretfinder.py:308]: [SecretFinder JavaScript Secret Scanner] Scanning JS target: https://www.nvidia.com/etc/designs/nvidiaGDC/Node.js
2026-07-28 12:08:35,065 [INFO] [secretfinder.py:319]: [SecretFinder JavaScript Secret Scanner] Secret Found — 4 finding(s) in: https://www.nvidia.com/etc/designs/nvidiaGDC/Node.js
2026-07-28 12:08:35,065 [INFO] [secretfinder.py:308]: [SecretFinder JavaScript Secret Scanner] Scanning JS target: https://www.nvidia.com/etc/designs/nvidiaGDC/clientlibs-all.min.925e688d70287fd907edab04e0e0dde1.js
2026-07-28 12:08:36,276 [INFO] [secretfinder.py:319]: [SecretFinder JavaScript Secret Scanner] Secret Found — 3 finding(s) in: https://www.nvidia.com/etc/designs/nvidiaGDC/clientlibs-all.min.925e688d70287fd907edab04e0e0dde1.js
2026-07-28 12:08:36,276 [INFO] [secretfinder.py:308]: [SecretFinder JavaScript Secret Scanner] Scanning JS target: https://www.nvidia.com/etc/designs/nvidiaGDC/clientlibs-forms-i18n/af/de-de.min.69c9cedbf3f7cd83d466366f3c999bc2.js
2026-07-28 12:08:37,137 [INFO] [secretfinder.py:308]: [SecretFinder JavaScript Secret Scanner] Scanning JS target: https://www.nvidia.com/etc/designs/nvidiaGDC/clientlibs-forms-i18n/af/en-au.min.2e4d1cd38ebe9fb5a12e14b7186b4547.js
2026-07-28 12:08:38,010 [INFO] [secretfinder.py:308]: [SecretFinder JavaScript Secret Scanner] Scanning JS target: https://www.nvidia.com/etc/designs/nvidiaGDC/clientlibs-forms-i18n/af/en-eu.min.2e4d1cd38ebe9fb5a12e14b7186b4547.js
2026-07-28 12:08:38,864 [INFO] [secretfinder.py:308]: [SecretFinder JavaScript Secret Scanner] Scanning JS target: https://www.nvidia.com/etc/designs/nvidiaGDC/clientlibs-forms-i18n/af/en-gb.min.2e4d1cd38ebe9fb5a12e14b7186b4547.js
2026-07-28 12:08:40,183 [INFO] [secretfinder.py:308]: [SecretFinder JavaScript Secret Scanner] Scanning JS target: https://www.nvidia.com/etc/designs/nvidiaGDC/clientlibs-forms-i18n/af/en-sg.min.2e4d1cd38ebe9fb5a12e14b7186b4547.js
2026-07-28 12:08:41,048 [INFO] [secretfinder.py:308]: [SecretFinder JavaScript Secret Scanner] Scanning JS target: https://www.nvidia.com/etc/designs/nvidiaGDC/clientlibs-forms-i18n/af/en-us.min.2e4d1cd38ebe9fb5a12e14b7186b4547.js
2026-07-28 12:08:41,678 [INFO] [secretfinder.py:308]: [SecretFinder JavaScript Secret Scanner] Scanning JS target: https://www.nvidia.com/etc/designs/nvidiaGDC/clientlibs-forms-i18n/af/en.min.2e4d1cd38ebe9fb5a12e14b7186b4547.js
2026-07-28 12:08:42,532 [INFO] [secretfinder.py:308]: [SecretFinder JavaScript Secret Scanner] Scanning JS target: https://www.nvidia.com/etc/designs/nvidiaGDC/clientlibs-forms-i18n/af/fi-fi.min.9e2fc75221a6984452d4ffa6a5c0d06b.js
2026-07-28 12:08:43,366 [INFO] [secretfinder.py:308]: [SecretFinder JavaScript Secret Scanner] Scanning JS target: https://www.nvidia.com/etc/designs/nvidiaGDC/clientlibs-forms-i18n/af/fr-be.min.ff95871c2c6fc1841d0ba19772bf8e3c.js
2026-07-28 12:08:44,265 [INFO] [secretfinder.py:308]: [SecretFinder JavaScript Secret Scanner] Scanning JS target: https://www.nvidia.com/etc/designs/nvidiaGDC/clientlibs-forms-i18n/af/fr-fr.min.ff95871c2c6fc1841d0ba19772bf8e3c.js
2026-07-28 12:08:45,276 [INFO] [secretfinder.py:308]: [SecretFinder JavaScript Secret Scanner] Scanning JS target: https://www.nvidia.com/etc/designs/nvidiaGDC/clientlibs-forms-i18n/af/it-it.min.0252c08fc31b356e706facaa9984ce84.js
2026-07-28 12:08:46,260 [INFO] [secretfinder.py:308]: [SecretFinder JavaScript Secret Scanner] Scanning JS target: https://www.nvidia.com/etc/designs/nvidiaGDC/clientlibs-forms-i18n/af/ja-jp.min.6bd6703238666980d8967e44c211bf18.js
2026-07-28 12:08:47,175 [INFO] [secretfinder.py:308]: [SecretFinder JavaScript Secret Scanner] Scanning JS target: https://www.nvidia.com/etc/designs/nvidiaGDC/clientlibs-forms-i18n/af/pl-pl.min.4ca4cab5adb6cf5fc09248d1fd4c4934.js
2026-07-28 12:08:48,118 [INFO] [secretfinder.py:308]: [SecretFinder JavaScript Secret Scanner] Scanning JS target: https://www.nvidia.com/etc/designs/nvidiaGDC/clientlibs-forms-i18n/af/tr-tr.min.9a384b1bf01326454c8260b6f295f3ae.js
2026-07-28 12:08:49,027 [INFO] [secretfinder.py:308]: [SecretFinder JavaScript Secret Scanner] Scanning JS target: https://www.nvidia.com/etc/designs/nvidiaGDC/clientlibs-forms-i18n/af/zh-tw.min.b6a4e304fe11333f34b40eb61ec0620b.js
2026-07-28 12:08:49,893 [INFO] [secretfinder.py:308]: [SecretFinder JavaScript Secret Scanner] Scanning JS target: https://www.nvidia.com/etc/designs/nvidiaGDC/clientlibs-forms-i18n/xfa/de-de.min.5e4626394c8126bd16751a7e96f2a9c8.js
2026-07-28 12:08:50,759 [INFO] [secretfinder.py:308]: [SecretFinder JavaScript Secret Scanner] Scanning JS target: https://www.nvidia.com/etc/designs/nvidiaGDC/clientlibs-forms-i18n/xfa/en-au.min.c25be1e526ff74703871afd1194bcc71.js
2026-07-28 12:08:51,643 [INFO] [secretfinder.py:308]: [SecretFinder JavaScript Secret Scanner] Scanning JS target: https://www.nvidia.com/etc/designs/nvidiaGDC/clientlibs-forms-i18n/xfa/en-eu.min.c25be1e526ff74703871afd1194bcc71.js
2026-07-28 12:08:52,501 [INFO] [secretfinder.py:308]: [SecretFinder JavaScript Secret Scanner] Scanning JS target: https://www.nvidia.com/etc/designs/nvidiaGDC/clientlibs-forms-i18n/xfa/en-gb.min.c25be1e526ff74703871afd1194bcc71.js
2026-07-28 12:08:53,103 [INFO] [secretfinder.py:308]: [SecretFinder JavaScript Secret Scanner] Scanning JS target: https://www.nvidia.com/etc/designs/nvidiaGDC/clientlibs-forms-i18n/xfa/en-sg.min.c25be1e526ff74703871afd1194bcc71.js
2026-07-28 12:08:54,072 [INFO] [secretfinder.py:308]: [SecretFinder JavaScript Secret Scanner] Scanning JS target: https://www.nvidia.com/etc/designs/nvidiaGDC/clientlibs-forms-i18n/xfa/en-us.min.c25be1e526ff74703871afd1194bcc71.js
2026-07-28 12:08:54,710 [INFO] [secretfinder.py:308]: [SecretFinder JavaScript Secret Scanner] Scanning JS target: https://www.nvidia.com/etc/designs/nvidiaGDC/clientlibs-forms-i18n/xfa/fi-fi.min.c25be1e526ff74703871afd1194bcc71.js
2026-07-28 12:08:55,896 [INFO] [secretfinder.py:308]: [SecretFinder JavaScript Secret Scanner] Scanning JS target: https://www.nvidia.com/etc/designs/nvidiaGDC/clientlibs-forms-i18n/xfa/fr-be.min.52514695fbbc25028187831c94e2e894.js
2026-07-28 12:08:56,779 [INFO] [secretfinder.py:308]: [SecretFinder JavaScript Secret Scanner] Scanning JS target: https://www.nvidia.com/etc/designs/nvidiaGDC/clientlibs-forms-i18n/xfa/fr-fr.min.52514695fbbc25028187831c94e2e894.js
2026-07-28 12:08:57,741 [INFO] [secretfinder.py:308]: [SecretFinder JavaScript Secret Scanner] Scanning JS target: https://www.nvidia.com/etc/designs/nvidiaGDC/clientlibs-forms-i18n/xfa/it-it.min.88717abcdf42f4429f455d52dacff045.js
2026-07-28 12:08:58,615 [INFO] [secretfinder.py:308]: [SecretFinder JavaScript Secret Scanner] Scanning JS target: https://www.nvidia.com/etc/designs/nvidiaGDC/clientlibs-forms-i18n/xfa/ja-jp.min.72aa3cee118aee9bb032e4f147ab0b71.js
2026-07-28 12:08:59,468 [INFO] [secretfinder.py:308]: [SecretFinder JavaScript Secret Scanner] Scanning JS target: https://www.nvidia.com/etc/designs/nvidiaGDC/clientlibs-forms-i18n/xfa/pl-pl.min.c25be1e526ff74703871afd1194bcc71.js
2026-07-28 12:09:00,319 [INFO] [secretfinder.py:308]: [SecretFinder JavaScript Secret Scanner] Scanning JS target: https://www.nvidia.com/etc/designs/nvidiaGDC/clientlibs-forms-i18n/xfa/tr-tr.min.c25be1e526ff74703871afd1194bcc71.js
2026-07-28 12:09:01,158 [INFO] [secretfinder.py:308]: [SecretFinder JavaScript Secret Scanner] Scanning JS target: https://www.nvidia.com/etc/designs/nvidiaGDC/clientlibs_base.min.1636c5282c77b207f6ec21834a3d3f73.js
2026-07-28 12:09:02,984 [INFO] [secretfinder.py:319]: [SecretFinder JavaScript Secret Scanner] Secret Found — 12 finding(s) in: https://www.nvidia.com/etc/designs/nvidiaGDC/clientlibs_base.min.1636c5282c77b207f6ec21834a3d3f73.js
2026-07-28 12:09:02,984 [INFO] [secretfinder.py:308]: [SecretFinder JavaScript Secret Scanner] Scanning JS target: https://www.nvidia.com/etc/designs/nvidiaGDC/clientlibs_base_scripts.min.ddd74b44c8650c2172d3935ccd1b8621.js
2026-07-28 12:09:04,559 [INFO] [secretfinder.py:319]: [SecretFinder JavaScript Secret Scanner] Secret Found — 12 finding(s) in: https://www.nvidia.com/etc/designs/nvidiaGDC/clientlibs_base_scripts.min.ddd74b44c8650c2172d3935ccd1b8621.js
2026-07-28 12:09:04,559 [INFO] [secretfinder.py:308]: [SecretFinder JavaScript Secret Scanner] Scanning JS target: https://www.nvidia.com/etc/designs/nvidiaGDC/clientlibs_form_container.min.2ba50dc5bb639615258634a4564a9376.js
2026-07-28 12:09:05,577 [INFO] [secretfinder.py:319]: [SecretFinder JavaScript Secret Scanner] Secret Found — 3 finding(s) in: https://www.nvidia.com/etc/designs/nvidiaGDC/clientlibs_form_container.min.2ba50dc5bb639615258634a4564a9376.js
2026-07-28 12:09:05,577 [INFO] [secretfinder.py:308]: [SecretFinder JavaScript Secret Scanner] Scanning JS target: https://www.nvidia.com/etc/designs/nvidiaGDC/clientlibs_foundation.min.026a51fcf3ffe653efd9f26b54a56ad6.js
2026-07-28 12:09:06,252 [INFO] [secretfinder.py:308]: [SecretFinder JavaScript Secret Scanner] Scanning JS target: https://www.nvidia.com/etc/designs/nvidiaGDC/clientlibs_nvform_commons.min.14e334b3b677926f54231005c3c38755.js
2026-07-28 12:09:06,898 [INFO] [secretfinder.py:308]: [SecretFinder JavaScript Secret Scanner] Scanning JS target: https://www.nvidia.com/etc/designs/nvidiaGDC/clientlibs_preload.min.f591622b9a42039def9c2e3ed7e7d478.js
2026-07-28 12:09:07,529 [INFO] [secretfinder.py:308]: [SecretFinder JavaScript Secret Scanner] Scanning JS target: https://www.nvidia.com/etc/designs/nvidiaGDC/clientlibs_preload_v2.min.d852cf09362d3cc340424064f10e60e6.js
2026-07-28 12:09:08,211 [INFO] [secretfinder.py:308]: [SecretFinder JavaScript Secret Scanner] Scanning JS target: https://www.nvidia.com/etc/designs/nvidiaGDC/runtime.js
2026-07-28 12:09:09,545 [INFO] [secretfinder.py:319]: [SecretFinder JavaScript Secret Scanner] Secret Found — 4 finding(s) in: https://www.nvidia.com/etc/designs/nvidiaGDC/runtime.js
2026-07-28 12:09:09,545 [INFO] [secretfinder.py:308]: [SecretFinder JavaScript Secret Scanner] Scanning JS target: https://www.nvidia.com/fi-fi/geforce/products/g-sync-monitors/js-agent.newrelic.com/nr-spa-1167.min.js
2026-07-28 12:09:11,080 [INFO] [secretfinder.py:319]: [SecretFinder JavaScript Secret Scanner] Secret Found — 3 finding(s) in: https://www.nvidia.com/fi-fi/geforce/products/g-sync-monitors/js-agent.newrelic.com/nr-spa-1167.min.js
2026-07-28 12:09:11,080 [INFO] [secretfinder.py:308]: [SecretFinder JavaScript Secret Scanner] Scanning JS target: https://www.nvidia.com/fr-be/geforce/products/g-sync-monitors/js-agent.newrelic.com/nr-spa-1167.min.js
2026-07-28 12:09:13,356 [INFO] [secretfinder.py:319]: [SecretFinder JavaScript Secret Scanner] Secret Found — 3 finding(s) in: https://www.nvidia.com/fr-be/geforce/products/g-sync-monitors/js-agent.newrelic.com/nr-spa-1167.min.js
2026-07-28 12:09:13,356 [INFO] [secretfinder.py:308]: [SecretFinder JavaScript Secret Scanner] Scanning JS target: https://www.nvidia.com/fr-fr/geforce/products/g-sync-monitors/js-agent.newrelic.com/nr-spa-1167.min.js
2026-07-28 12:09:14,848 [INFO] [secretfinder.py:319]: [SecretFinder JavaScript Secret Scanner] Secret Found — 3 finding(s) in: https://www.nvidia.com/fr-fr/geforce/products/g-sync-monitors/js-agent.newrelic.com/nr-spa-1167.min.js
2026-07-28 12:09:14,848 [INFO] [secretfinder.py:308]: [SecretFinder JavaScript Secret Scanner] Scanning JS target: https://www.nvidia.com/ja-jp/geforce/products/g-sync-monitors/js-agent.newrelic.com/nr-spa-1167.min.js
2026-07-28 12:09:16,383 [INFO] [secretfinder.py:319]: [SecretFinder JavaScript Secret Scanner] Secret Found — 5 finding(s) in: https://www.nvidia.com/ja-jp/geforce/products/g-sync-monitors/js-agent.newrelic.com/nr-spa-1167.min.js
2026-07-28 12:09:16,383 [INFO] [secretfinder.py:308]: [SecretFinder JavaScript Secret Scanner] Scanning JS target: https://www.nvidia.com/nvidia-artifacts/nv-contenthub/cards/content-hub-cards.umd.cjs
2026-07-28 12:09:17,785 [INFO] [secretfinder.py:319]: [SecretFinder JavaScript Secret Scanner] Secret Found — 5 finding(s) in: https://www.nvidia.com/nvidia-artifacts/nv-contenthub/cards/content-hub-cards.umd.cjs
2026-07-28 12:09:17,786 [INFO] [secretfinder.py:308]: [SecretFinder JavaScript Secret Scanner] Scanning JS target: https://www.nvidia.com/tr-tr/geforce/products/g-sync-monitors/js-agent.newrelic.com/nr-spa-1167.min.js
2026-07-28 12:09:19,354 [INFO] [secretfinder.py:319]: [SecretFinder JavaScript Secret Scanner] Secret Found — 6 finding(s) in: https://www.nvidia.com/tr-tr/geforce/products/g-sync-monitors/js-agent.newrelic.com/nr-spa-1167.min.js
2026-07-28 12:09:19,354 [INFO] [secretfinder.py:308]: [SecretFinder JavaScript Secret Scanner] Scanning JS target: https://www.nvidia.com/zh-tw/geforce/products/g-sync-monitors/js-agent.newrelic.com/nr-spa-1167.min.js
2026-07-28 12:09:21,111 [INFO] [secretfinder.py:319]: [SecretFinder JavaScript Secret Scanner] Secret Found — 8 finding(s) in: https://www.nvidia.com/zh-tw/geforce/products/g-sync-monitors/js-agent.newrelic.com/nr-spa-1167.min.js
2026-07-28 12:09:21,119 [INFO] [secretfinder.py:477]: [SecretFinder JavaScript Secret Scanner] Secrets JSON saved to: /home/kali/Desktop/secure-site-scan-main/reports/www.nvidia.com_en-in_/secrets.json
2026-07-28 12:09:21,119 [INFO] [secretfinder.py:338]: [SecretFinder JavaScript Secret Scanner] ─── Scan Finished ─── JS Targets: 582 total / 580 scanned / 2 failed | Secrets: 1127 unique findings
2026-07-28 12:09:21,135 [INFO] [runner.py:98]: --> [Phase 2/3] Launching Vulnerability Scanners...
2026-07-28 12:09:21,135 [INFO] [scanners.py:114]: Running [TestSSL Comprehensive TLS/SSL Auditor] on: www.nvidia.com:443
2026-07-28 12:13:19,515 [INFO] [scanners.py:253]: Running [Nuclei Vulnerability Scanner] on: https://www.nvidia.com/en-in/
2026-07-28 12:15:14,678 [INFO] [runner.py:112]: --> [Phase 3/3] Generating Consolidated Reports...
2026-07-28 12:15:14,697 [INFO] [reporter.py:50]: Master JSON report generated at: /home/kali/Desktop/secure-site-scan-main/reports/www.nvidia.com_en-in_/report.json
2026-07-28 12:15:14,698 [INFO] [reporter.py:190]: Executive Markdown summary generated at: /home/kali/Desktop/secure-site-scan-main/reports/www.nvidia.com_en-in_/summary.md
